cleaned_text,mapped_label,predicted,confidence
Funny and Intuitive explanations.,Neutral,Positive,0.9368502152498824
"Most of the information in this course is common sense. It may be relevant for someone with very limited knowledge about food, but for anyone who is moderately informed and interested in food, there is not much to learn here.",Negative,Neutral,0.5306279459993356
Good information. I would request more activity based learning instead monotonous one-men presentation.,Positive,Neutral,0.40224759723032594
"It was overall, alright. All of the group assignments killed it for me, though.",Neutral,Positive,0.6027687276331243
I would like to have more participation on the forums,Positive,Neutral,0.5845698938047417
its a fail,Negative,Positive,0.45802069289675285
"Covers a lot of info too fast! Some concepts are not clearly explained , had to surf online to get better understanding. Overall, fine course, very practical.",Neutral,Positive,0.7193979332336177
"The fact that test cases are not available is extremely frustrating and time consuming. I absolutely disagree with the instructors about the reason why test cases are hidden.Michael LevinHi,Learning new complex things is time consuming, it is essential, and it is ok. Without this time spent you wouldn't have learned even half of what you've learned while trying to find your mistakes yourself. Also, the testing techniques presented here are indispensable in the real life, and many learners of the Algorithmic Toolbox course have already confirmed thisHello Mr. Levin,First please forgive me for communicating with you in this place. I am not sure if there is a direct way to answer you, but I believe you will have access to my response.I entirely agree with what you said that this needs time and I do not mind spending time learning new things. That is why I am here in the first place. But I think that hiding the test sets misplaces the balance where this time is being spend.Let me give you an example: week 3 – hash chains - assignment no. 2. I wrote the app, submitted this and it failed on test no. 5. Having generated tons of test cases I was nowhere closer as all looked good, but still failed your engine. As it turned out the problem was not with the algorithm implemented but with the presentation layer. ‘Check x’ command when x is not found in the hash table should return blank line and my program returned nothing. I could not find this in the specification hence lots of hours trying to figure out the solution.It was not a bug with the program, it was the problem how the data is presented. I do not mind spending time developing solutions to the assignments. I would love if there were more advanced (even optional) problems to solve but I want to spend this time on the algorithm and solving the task rather than trying to figure out how to display the data.Please, do not get me wrong, I absolutely adore the course, lectures are brilliant and my opinion should be regarded as a constructive criticism even if you do not agree with me. Thank you again for what you are doing.Regards,Marcin",Positive,Negative,0.5647989776192904
content is not enough for one class. should be only one to two videos.,Neutral,Negative,0.5648399267776975
Primarily focused on US politics and the US policy system. Discusses mostly the problems with the US system of governance and it therefore not really useful for international viewers.,Negative,Positive,0.4468548649811287
make the other ones free,Negative,Positive,0.4713400118577886
"Though the course teaches you IT project management in a crisp way, but I felt that it was a little too fast paced.",Positive,Neutral,0.5246075004940104
Lectures are very confusing. Instructors should use white boarding to explain codes. Difficult to follow them.,Neutral,Negative,0.4682556710557862
"The course could have been marked by 5 stars if it weren't for the promotion of a commercial Python library developed by one of the speakers. There is no way a student could complete the course without having Python installed and a free licence acquired from dato.com.Students should be able to use any programming languages and scientific libraries to do their homework and the subsequent courses of the ""Machine Learning"" specialisation are excellent examples of such approach.",Neutral,Negative,0.5465047027695826
"I wish the courses are more project oriented. This is a very good introduction but, atleast you could provide some optional projects or some tasks.",Negative,Positive,0.6497953003062067
I'm really learning R with this course but it's a pity in the last quiz of week 4 the code asked to type in in the last 3 questions didn't work. However it was easy to work out what the question was trying to ask.,Positive,Neutral,0.3908983455170935
"Interesting course but:1) The transcripts for each week are appalling. Here is a copied and pasted example: ""Separatist groups remained active in almost 90% of decapitation cases where only a third of ideologically ideological organizations such as left wing and right wing organizations. Are damaged by it. And then, in general, in 17% of the cases. So 7% of the cases, decapitation led to the collapse of an organization."" How are those that are hearing impaired meant to understand what the course leader is communicating? It took me so long to understand the transcript that I may as well have listened instead. The subtitles option reads the same as the transcript - not much good for anyone with anything but perfect hearing.2) The estimated timings for each activity are somewhat optimistic. '10 minutes' is the recommended reading time for each week's reading content. Within this reading list are, on average, 8 articles, some of which amount to over 70 pages - if each article is roughly 25-40 pages on average, and there are around 8 articles, how will this reading activity take the student only '10 minutes' to complete?Apart from that, I did really enjoy the course!!",Positive,Neutral,0.4609091718884456
"Really useful, but maybe it could be more entertaining or dynamic.",Positive,Neutral,0.44092578358461704
"The material is very useful because a multidisciplinary approach was adopted in its delivery. Although I was not too comfortable with the references that was severally made to the US economy, but I guess this was influenced by the professors background. However, the last project paid off for this.",Positive,Neutral,0.45603764361434346
"This is my first Coursera course and I wasn't sure what to expect. I was hoping for a good experience but preparing myself for mediocrity.I finished the course at 2am on Monday morning and I've been really impressed, both with the Coursera ""infrastructure"" and with the quality of the teaching from Daniel Egger and his team. I live in South Africa where tertiary educational standards vary widely, and appear to be on the decline. More and more, we are going to need MOOCs like this from the best universities in the world.More specifically, relating to this course, I found the video lectures well presented and the quizzes thoughtfully prepared. The Excel models really helped with grasping the concepts and practice.A couple of suggestions:a) The course FAQ makes light of the background knowledge necessary to cope with the course. It needs to be more honest about the need for mathematics and statistics. Linear regression is not for sissies, in my opinion.b) Please tell us at the START of the course that we should attack the project week by week. This advice isn't (unless I missed something) given until you open the week 6 project. Ahem... it's too late by then! I spent a very frantic 4 nights last week crunching the project work, 4 quizzes and the assignment. I got to bed at 2.30am, and i'm not a night owl.Overwhelmingly though, a really interesting course. I'm already starting the next one.",Positive,Negative,0.4466568160170917
I suspended for a while due to reasons beyond my control; but the simplicity of the course instructors and the explicitness of the course content cannot be over emphasized.I hope to finish it without any more suspensions.,Positive,Negative,0.5677540898768864
"a little too much for my taste, but I learned a lot cellular biology.",Neutral,Positive,0.7224798864145678
"Minimal video efforts, not enough content, and long readings. Definetly not a good course to get a verified certificate",Negative,Neutral,0.5107102606809342
It was good but according to me it had a paucity of arduino programming for which i enrolled . However it was still helpful and i enjoyed it .,Neutral,Positive,0.7870767389724289
"I loved this course. I think it needs more emphasis on the Mastering process, but there's nothing a little investigation can fix. Totally recommended.",Positive,Neutral,0.3994758966193731
"This course is mis-titled. There is very little music involved and a lot of social action. The discussions and videos are interesting, buy I am confused about the use of ""music"" to carry the course's agenda. Perhaps ""The Influence of the Arts on Social Action"" would better define the intent of the course.",Neutral,Positive,0.43842269438680037
Interesting but should be more challenging,Positive,Neutral,0.7038066662038046
Lots of bias on evolutionary theories.,Neutral,Positive,0.6408676101003039
"Nice course! But in my opinion, it needs to give more practice exercises for each sub topic so that student doesnt think the course as fast paced.",Positive,Neutral,0.5065747810973119
This course is way tooooooo easy for me. I'm a PhD candidate in statistics. I think it will be nice if I can have a diagnostic survey to test whether this course is suitable for me or not before the course.,Neutral,Positive,0.522319176859139
Some good points. Spends a lot of time on self-advertisement. Takes a lot of time to get to the point.,Negative,Positive,0.5698335925375851
Fairly poor level of detail - you feel like you end up just learning terms without really getting a proper test on the understanding behind it.,Negative,Neutral,0.4318209206439517
"The content is good but I see some space for improvements in the structure and delivery. I would like to just give positive feedback: 1) the videos and power point slides are broken in too small parts. Each movie/power point starts with the same advertisement and music and it is taking time and attention. Suggestion is to reduce the nr. of videos/presentation to just one or two. 2) for some reason the teacher is looking for my ""rigth side behind my shoulders"" and not ""to my eyes"". I guess there is a small mistake on the camera positioning. It results in loosing the eye contact. 3) There is no ""call to"" go to forum for open discussion. There are no suggestions to topics to be discussed as well. All the forum sessions are empty. The course shall ask comments on the forum like the other courses do. Apart of that small issues, overall the content is quite important and the instructor is good.",Neutral,Negative,0.5076774502840234
The course is perfect. The assignments and grading are not well developed.,Positive,Neutral,0.44510315107765724
"I feel the contents of this course were great, no second thought on it. It makes your concepts crystal clear. But faced lots of issues during practicing the hands on exercises and did not get proper feedback or response on any of the queries.",Neutral,Negative,0.3878044983362205
"The first 3 weeks are really good, 5 stars. Weeks 4 and 5 are way too light. Week 4 has no programming assignment and a short class and 5 has a weak programming assignment and no class.",Neutral,Negative,0.5908834571547301
"I feel the videos could have been more instructive.However, the level of assignments is incredible! I learnt a lot more from programming assignments of this course than videos.",Positive,Neutral,0.554153748664964
Might be an instructive course but the guy who presents it is really creepy. And knowing he was involved in the official 9/11 report makes him hard to believe on any issue.,Negative,Positive,0.42213821983318905
"Although this course is rich in content, it lacks a lot of perspective around The History of Graphic Design, since it only talks from the american point of view.",Positive,Neutral,0.5528353780977043
"There are no lectures on Services, and Content Providers which are two key components of the Android system. It really disappointed me.",Neutral,Negative,0.5172806461472956
"There was a lot to try to remember from one quiz to the next and I have memory problems, but if you're a person with normal memory abilities, I guess that wouldn't be a problem. I really enjoyed learning more about ancient Egypt.",Neutral,Positive,0.6446211154615015
Its a good course for starters. I was looking for more hands on FHIR when i took this course. I would be delighted to join a hands on FHIR course,Neutral,Positive,0.523805865738536
"While course uses a genie method for presentation the content, Quizzes are just made to accomplish one goal: to make sure you have memorized every small detail haven said in the course. Even if someone memorizes the details like specific names and dates, for how long he/she is going to keep it in mind? 2 days? On week?",Negative,Positive,0.40089582803316937
interesting history of neural networks and excellent coverage of all main architectures.couple of problems during the quizzes. An update is needed!,Neutral,Positive,0.7691756229398543
"This course was great, it really helped me to learn the basics of CSS3. However, the week number two was way too difficult in comparison to the three other weeks and sometimes a little bit confusing. I think this part was not very well balanced and they could have divided the level of difficulty more efficiently between the different weeks : this is why I removed a star in my final notation. Everything else was fantastic !",Positive,Neutral,0.48508505526950757
"This course is good, but maybe it is a little bit to easy and only cover a small part of knowledge. However, I think it's okay for a introduction course. I hope there will be course dig into more deeply and wilder knowledge",Positive,Neutral,0.4636677200675888
"The content is really an interesting topic that I'm sure a lot of learners with enjoy. However, the way it is presented needs a lot of work. First, the slides are not masterfully made; proper word count and transitions are not applied. Second, the length of the lessons are not conducive to learning, it needs to be trimmed to shorter lessons or even be cut. Third, it is repetitive and there's too much focus on the unnecessary, the lecture needs to be reviewed. Cracking the creativity code is an interesting topic. However, the lessons were not presented creatively enough.",Neutral,Negative,0.5115955830859493
"I liked pretty this course. I learnt some useful skills and tactics in order to develop a negotiation. As a negative point, I found lack of examples so that understand better the theoretical issues as well as to remember better.",Neutral,Positive,0.7022137955756984
If you are a beginner in OO not recommend .,Neutral,Negative,0.5236463498148104
Course contents are not very well organized.,Neutral,Negative,0.4928195719581756
More detailed insight of topics is required is what I felt. On the whole a great resource to the student community who want to start their microcontroller exploration through Arduino.,Neutral,Positive,0.8308926452578499
"Awesome, not awful;)",Positive,Negative,0.6726425214123538
Still waiting for my assignment grades for weeks 1-3 despite having had many people mark these.,Neutral,Positive,0.6100990876356469
Starting place to begin in continuing your horizons,Neutral,Positive,0.69086175348703
The links provided are informative.,Neutral,Positive,0.7237216875683291
"The course focused too much on careers in SEO, and the required personality traits. SEO is part of many other career streams, so spending 1/2 of the course on SEO as a career was a complete waste of time for me. Did enjoy the historical walk-through of the GA algorithm, and the point to refocus on. Thanks",Positive,Negative,0.5023022451050703
Repetitive and surprisingly dry course.,Neutral,Positive,0.43047791363927373
Could have been more practical.,Positive,Neutral,0.46069836488261645
"I felt this module, like most, represented good value for money. It's obviously not exhaustive, but you shouldn't expect it to be for the price.The final quiz was a nice challenge and struck a good balance between course material and requiring you to research information online.",Positive,Neutral,0.3876217758763021
Awful teacher and explanation and material,Negative,Positive,0.548773912915178
too easy quizes(,Positive,Neutral,0.5803510866258489
"I like the materials, but I don't like that you need to pay to take the quizzes. I think that it is against the spirit of Coursera because it limits the experience of user who are willing to learn but don't have enough money to pay for the course. Many other courses allow you to take quizzes and do projects whitout paying",Neutral,Negative,0.5501788262211101
Nice course for practical knowledge of new marketing concepts / possibilities through the changing digital environment.,Neutral,Positive,0.890785403959783
"It is a very entertaining broad introduction to the topic of philosophy in general. The lecturers are very knowledgeable and are very good teachers. However, I wish there would be a more detailed treatment of the topics in question. I look forward to their future course on Philosophy of Science, as I believe that by focusing on a more narrow topic, they will be able to go a bit more in depth.",Neutral,Positive,0.6079247160963455
A disconnect between Video Lecture - Transcript (horrid form !) - Slides - Test questions. Information flow should be more fluent.,Positive,Neutral,0.5381172835300008
"nice lecture, but it is really too short, not into too much details.",Positive,Neutral,0.45214623850764457
starting to like this,Negative,Positive,0.8040360367489771
Pros:Basics were explained well.A good kick start for beginners who are travelling towards learning Project planning and management.Cons:Wish we had assignments to practice MS Project to a certain extent.Some of the Quiz questions were confusing (Esp. the 3rd week quiz),Neutral,Positive,0.54567004702134
"Good course, good introduction to Public Relations!!!",Neutral,Positive,0.9126833136083198
"The information in the videos was very interesting and well presented. I feel like I learned a lot. However, the quizzes and tests seemed to be of a very different level, and often covered material that was hardly discussed in the lectures. I understand that students are expected to do independent learning of material, but the gulf between lectures and test difficulty was extreme. If others were interested in learning about the basics of music theory, I would not recommend this course.",Negative,Neutral,0.4853049350569792
"Generally good, but exercises in Week 3 & 4 have not been proofread and are full of mistakes. Too bad.",Neutral,Negative,0.5447693185109449
"Lightweight and marginally informative. While it is clearly aimed at a lay audience, a deeper presentation of the scientific foundations of the disorder is sorely needed. If you're interested in the etiology of autism, you'll need to look elsewhere.",Negative,Positive,0.4667985828264427
Great teacher and great content BUT I just wish that it would have been more abundant with information. it seemed for times maybe too short.,Positive,Neutral,0.5726399095359394
"If you can't program at all this is an excellent course, If you know how to program in any language this course is not for you.",Neutral,Positive,0.5157291605979251
"It was good overall, some of the course materials were a bit sparse. You had to do your own research into getting packages working in spyder etc.I'd probably recommend that learners learn some python separately and read the docs for pandas.",Neutral,Positive,0.6480320037865156
Where do I start?,Negative,Positive,0.632173670642953
"The course was very interesting. It touched upon all currently employed techniques in good detail. The lab-based videos were the most interesting. However, the lectures were too long. It would be a brilliant course if the lectures were cut short and made to the point.",Neutral,Positive,0.48126652660524
This was a giant advertisement and got tiresome very quickly.,Negative,Positive,0.6026066971263707
"One of the best lecture series for beginners like me. Some of the statistical concepts should have been explained better, but once you get past that, you appreciate the logic in the trading system.",Neutral,Positive,0.6746151748749769
It's better to watch the Youtube videos to understand the concepts.,Negative,Positive,0.4962721505581514
Too easy. Making it harder and more realistic would have been better for me.,Positive,Neutral,0.5800357161978873
"highly recommended for newbs in any kind of development, otherwise waste of time.",Neutral,Positive,0.5050865819922744
"Lots of very general review information, not much new stuff. Did force me to start getting familiar with gitHub.",Neutral,Positive,0.491283100804998
Informative but did not really feel like it was of any use.,Negative,Neutral,0.516836351671491
Nothing can be better than this.........,Positive,Negative,0.6008758685598671
"The course materials are great, but the Excel videos and its background audios are poor, it need update to compare with characters videos.",Neutral,Negative,0.4256552965832629
I think it can further explore the libraries and constructs of the algorithms.,Neutral,Positive,0.7979136597350197
"I will give it a 3* review as I really enjoyed and learned a lot in the HTML and CSS part (first 2 weeks), but the java script is really poorly covered. It is too hard and with no ""translations"" on what the hell is going on. The Duke University team is good and they obviously know what they are doing, but they need to review this course and make it more simpler... :)",Neutral,Negative,0.49281535392886516
Great informative course,Neutral,Positive,0.9933912962580996
"So the course is a mixed bag.PROS: The lecture content is useful, albeit a bit dry. I can't give them too much slack for the dryness, after all it's coding. However, they could have shown more real-time coding, rather than just scrolled through powerpoints with the Command Window pasted. You definitely need to have R open when following along with the lectures. The quizzes are also quite useful, as you're required to know both the background of how things work and use the commands learned from the lecture.CONS: The assignments assume you know a lot more than the basic knowledge, and there's no real way to know how to do the assignments just from the lectures. The quizzes tend to be on the easy side and the assignments ramp things up quite quickly. There's no intermediate material to test your skill. You have to have worked in R to have even a minor chance at succeeding on the assignments.",Neutral,Negative,0.5024268041585146
"I like this course very much, I dropped out once because some of the homework questions are not quite obvious for me. After refer to other material, I survived the course. Frankly speaking, I am still not familiar with most of the contents. But this course displayed a vivid picture of MCMC. I will keep learning the subject in the future.The discussion session is too quiet, maybe I should have asked more questions.",Positive,Negative,0.4800164601722093
"Love the projects and classes!, but i was expecting more interaction with the teacher due that we found some bugs in the content , we were able to solved using the forum, but i was expecting that the teacher step up",Positive,Neutral,0.4125909283297611
The content is great! But the rearrangement of lectures is not synced with intros at the beginning of some videos. I know it takes a lot of time and effort to make or alter a video. After all it doesn't affect much.,Positive,Negative,0.44300586491401645
"The narration and content are excellent. The clarity of the slides has given neat direction steps to installing the software. However, I was not able to co relate the Command Line Interface with the R console after installation. I was overwhelmed with the huge list of commands immediately after software installation. The Week 3 videos have great information but lacks a coherence with the remaining course content.",Positive,Negative,0.4589328139597645
cheap !!! just money involved in each subsectionswhich r the most interesting parts,Negative,Positive,0.5866643277008047
It assusmes quite a lot of things about web programming... and the assignments were too complex to just practice what we should learn in an introductory course.,Negative,Positive,0.7486313485933084
Quite easy for me,Neutral,Positive,0.7950187911547506
"$38 is a lot to pay for tutorials about how to install software. This course takes only 20 minutes to complete. It is also obsessed with command line interfaces. There's a reason that they were left behind in the 80s. It does cover GUI software like Rstudio, which is ignored for the rest of the course. How about something on the desktop Github version? https://desktop.github.com/ So much easier to use.",Negative,Neutral,0.3990340890714569
Not as useful as the first course. The part on the futures is not really understandable.,Neutral,Negative,0.4616946688406866
Great content but animations are annoying!,Neutral,Positive,0.4549606474460637
"There was some really great information presented, but mixed in with tangential and unimportant sources (I don't care about the fashionable aspects of IoT!!)",Neutral,Positive,0.5971094965336639
slow pace but still ok,Positive,Neutral,0.5947298987200452
"I would like to have more example, it feels there is mostly theory. The quizzes were super easy, I dropped out at final project, I couldn't get through the first questions. The course (and especially the final project) requires a good basis in statistics beforehand.The assistants are super helpful and patient.",Neutral,Negative,0.3660910572592582
A broad collection of different subjects. But only a part of it met my interests.,Neutral,Positive,0.5093557997986378
Movies were very interesting and planning to watch all of them with new perspective.Wish the summaries and important texts in the lecture was available as slides helping for quick review and recall.The same constant tone of voice made it difficult to keep awake and focus on the contentWished for more reading material each week rather than same book link.,Positive,Neutral,0.4040636195017593
"There should be more multiple choice questions; 20+ instead of just 5 questions.There should be more MCQ tests. 5+ instead of just one.There should be more assignments. 3+ instead of just one. Make it one easy, one medium and one hard.There should be more optional assignments. 5+ instead of just one.I know you guys are working hard as it is, but we learn by doing, not by listening or watching. Just food of thought.",Positive,Negative,0.4782051478126419
"The teacher is a litlle abstract. Maybe he would improve himself if he would give more tangible things, as methods.",Positive,Neutral,0.4301908081433743
"The staff of this course is really nice, that's the best part of it. Unfortunately, in my opinion this course is not intended for real beginners. From class one I struggled trying to understand what was going on. This may be because instead of just using a typical ide like eclipse or netbeans, they use bluejay, which works different than the rest of ides. In addition, programs used in the course are pretty confusing (If you know 0 Java). I learned most of the basic concepts (classes, methods) for whole week 1 from a single 15 minute video-course from youtube without all the struggling. As I mentioned this only applies if you are a total newbie, if you already know some Java I think you'll be fine.",Neutral,Negative,0.456335657461329
"The course content was very interesting, however, the way it was presented was very dull and monotonous. The script was great - very insightful and informative, but having the presenter talk for the whole lecture without more frequent use of diagrams, figures, etc. to help understand the concepts is not helpful and incomprehensible to me. Specially when it comes to a course with so much geographical content, it would be good to have a more consistent depiction of maps. Furthermore, with all the new concepts, visual aid would help students understand what things are and what they look like since the backgrounds chosen for the lectures have little or nothing to do with the course whatsoever.On the other hand, I do think that the questions throughout the videos are extremely useful as they (usually) tackle problems that were not mentioned previously and gets the student to think independently. Finally, the end of lesson tests always have one or two challenging questions which is great. This course has a 5 star potential, so I hope the reviews are being read so they can work towards that goal!",Neutral,Negative,0.37968041235829036
Not for beginners unless ready to spend lots of extra hours watching the videos several times and surfing on the web to get additional information,Negative,Neutral,0.37857937993388385
"I liked this course alot.If you are a student and come from the previous course, you may only read the cons, since this course has the same spirit as the previous.Pros:1. The lectures contain quite a good material which is somehow difficult and they made me to pay attention. The lectures are based on dasgupta's book and MIT course book.2. There are links to additional materials, I found the dijkstra's book and MIT course book, so I was able to gain extra information for topics which interested me.Also slides are very useful3. The forum! This course has a life forum where you can find help or share your ideas.4. The teaching stuff! They are answering student questions and taking part in discussionsCons:Having compared this course with the previous one from the set, this course suffers from luck of interesting problems. The previous course has more than ~25 problems and for each module it has advanced problems,even more they added extra problems during the course running.This course has ~12 problems and only one advanced for the whole course!. Only this advanced problem made me take a piece of paper and a pen and draw trees, and play with toy examples. Only for this problem I wrote a stress test. That is the most fun for me of studying!If this course didn't have this advanced problem, I would barely give it 3 stars.P.S.Theaching stuff, please conider to add extra problems, the first course is awesome and it is way too good. This course is good, but it think you may develop it not only the first one. Otherwise students may get dissapointed if they come from the previous course.I hoped that you would have added extra problems, so I slowed down, my expectation didnt come true :(",Positive,Neutral,0.4274595177288785
Informative summary of smartphone development and pertinent technologies,Neutral,Positive,0.7252525300044496
"This course is very good at explaining both how and why you would do things a certain way in Unity, something that is missing from most of the tutorials you can find out on the Internet. The professor explains concepts behind why you need to use certain components instead of just giving a list of things to match up to replicate the projects. I've rated it 4 out of 5 stars not based on the content, but because the response time, interaction, and feedback could be improved upon. The content is definitely 5 of 5. I took this during the first run of the course, so I'm sure that the course staff will improve on this in the future once they get a bit more used to running a MOOC on Coursera.",Positive,Neutral,0.40830797356678855
"A bit more actual programming would be good rather than minor tweeking of existing code. Overall, a good basic into to relational database with Python.",Positive,Neutral,0.5459731915694219
"While informative I question the value of memorizing release years of os updates. Then again, it was an easy entry into the broader specialization. I think it is always a good thing to ease students in with a less challenging intro course much like a video game begins with an easy level and slowly gets harder.",Neutral,Positive,0.7632481796468084
The course is too short and not really detailed but very informative. And too bad you can receive a Statement of Accomplishment.,Positive,Neutral,0.4658027129122354
"This course is not for absolute beginners. Even though I passed every exam and assignment, I found this course extremely difficult. I found myself having to rely on other lectures on python and book and internet blogs. This course is not a stand alone course as it if stated.I wish that there were more exercises where you could practice the lesson that was learned. I think each lesson should be accompanied by an optional exercise.",Neutral,Positive,0.38846972569041427
"bunch of information, but the videos are tedious",Negative,Neutral,0.5050371625583128
"Great course, maybe with one more week they can cover another js data types or even jquery lib",Neutral,Positive,0.8021827930515314
So much better than in the first version of the specialization! the peer reviewed project is a welcome addition to help understanding map reduce concepts,Positive,Negative,0.41532563257679733
"lack of organization, most of the course is readings, lack of case studies, acceptable in general, one of the rare courses in project management anyway",Positive,Neutral,0.497064018012177
"Sometimes the correct answers were not provided, which made the assignments difficult to learn from.",Positive,Neutral,0.3943408104819584
too brief to learn,Negative,Neutral,0.4152525638439012
"Decent course, need some work material to get a better grip on it!",Positive,Neutral,0.5668668854517748
Course and assignments were very easy. Could have been more challenging if assignments were little difficult.,Neutral,Positive,0.5667229284554283
"While the subject is interesting, the professor sometimes makes it confusing and dense to understand the basic ideas.Maybe this course does need a mathematic or economic background...",Neutral,Positive,0.42413488286954176
"I was really, really hoping that this course would be educational. I personally work with an individual with AS and I excepted to have a better insight into some of the things he goes through. So far, however, I have found many of the lectures condescending. As a person with a disability I find it highly offensive when people speak like they're doing the person with whatever kind of disability a favor for even helping them. People with disabilities are just that, people.",Negative,Positive,0.4641771209468789
"Good course for a free one. Thank you for all of your great work. Somehow, the pace is too fast. Covering about 2 sections per week is by far too hard to read the book along with the class. There's no practice exercise to strengthen what you learn. The assignment is very hard and sometime don't directly implement the knowledge you learn in that week. Sometime the video sound is too quiet (but you can read the transcript when it happened.) The book is better in my opinion.",Neutral,Negative,0.45772813362330994
A good introduction to some of the basics. The presentation was generally okay; the course materials could have been organised a little better. Requires no previous accounting knowledge (though that helps) and only very basic math.,Positive,Neutral,0.6096344885982228
"There are many redundant aspects in the course. Installation instructions were for outdated OS. I did learn the basics how to program in Python though, and that's a good thing.",Positive,Negative,0.3707609142171493
The course was very informative. Could have been better if more reading materials along with more real life scenarios were included,Positive,Neutral,0.5146119391317494
"Good introductory course! It gives an overview of the global financial market-as the course name suggests. The math problems are a bit hard though. Improvement can be made for the pop up quiz during the lecture--it suddenly cut the lecture; thus disrupting my concentration. It think it needs to be properly placed during the lecture so as to help in reviewing the lesson, not disrupt the student's focus.",Positive,Neutral,0.5219959990829782
Has good collection of resources for improvement of communication skills,Neutral,Positive,0.5935703975184116
A very good and thought provoking course.It is a re-run of an archived course and sadly a number of reference materials that had been on the dashboard are not reposted with it. Also there are references to discussion forums that don't exist. If the missing material and content were up to date it would be a strong and complete course.,Negative,Positive,0.4409125170301268
The content covers very good the most important theories and concepts in macro economy and explains in detail the relationship between them. I wish the course would take more advantage of interactive multimedia tools in order to support the spoken word with visual means.,Neutral,Positive,0.6696103630641014
"Overall I learned a lot. The course covered the topic of HTML 5 and the concepts behind the internet (hosting, protocols, DNS, etc.)I like that it was purely quiz/project based and no grading was done as peer review. However, occasionally (about 1/20) some of the quiz problems were just plain wrong. Also, the final project was a bit too strict and needed more fuzzy logic for the parser. One could produce visually identical and 100% valid results and still not get a perfect score. That seems a bit flawed to me. However, if you really want to labor on it, you can just give the quiz what it wants and eventually get a full score.All-in-all, I would recommend the course.",Positive,Neutral,0.5756187835322185
"I was a little confused because for having a focus on ""Science and Philosophy"", it seemed to me to mostly talk about science and religion through a philosophical lens. The last module was very scattered and hard to follow. Other than that, very interesting, well-presented material.",Neutral,Positive,0.47480572658476367
A surface level look into creating a SQL database with Python. Skims over topics quickly and does not go into depth on how to write code effectively or build a database from scratch.,Neutral,Negative,0.47640614954329397
"Teaching quality is good, but more example needed.",Positive,Neutral,0.4991644670175928
A little Difficult to understand,Positive,Neutral,0.3531578944526315
"While this topic is interesting, and course goes over some examples. I feel course lacked depth, and didn't really answers main question: how to find business model, or gave case studies of business model. Just reiterated obvious examples, which is common knowledge.Topic : 10/10Quality: 4/10Presentation: 5/10",Neutral,Negative,0.49265754637527515
"Sorry for my English.So many people looking forward to take this course and was very cold, robotic... full of theoretical and repetitive texts.",Negative,Positive,0.7871228742160039
Another winner from Coursera!,Positive,Negative,0.42943425199644714
Coursera lost my thoughtful 2-star review so I am replacing it with this. I learned a lot through my own efforts and through the efforts of students who bothered to post in the forums. The one mentor disappeared half-way through the course.,Negative,Positive,0.8426205392961456
Very difficult !!,Positive,Negative,0.5060889888028614
Not easy. But nothing easy in academics changes who you are.,Positive,Negative,0.3880716706745799
There's just something about the course content that is difficult to attain. It's presented at way too high of a level without enough tangible examples of getting down into the weeds of how to actually perform and interpret the models and functions.,Neutral,Negative,0.5550586372160801
I missed something more about the last lessons. Some achievements like in the previous.,Positive,Neutral,0.5643889842546597
"Despite having high quality contents, the quantity wasn't as much as I expected. The number of videos could be a lot more.",Negative,Neutral,0.4764264063331288
"I was able to follow the course and keep the pace but I got lost on factorial ANOVA. The professor is great but the course feels rushed through. It would be great if more time was spent on actual explanation of main concepts, since many here are the beginners in stats. I will try again, hopefully will get it this time.",Neutral,Positive,0.47975461200781483
"The course is out of touch with reality and systematically underplays the Paris Agreement, progress of renewable energy and EU emissions mitigation, says absolutely nothing about climate science. At times the attitude is down right hostile and disgusting. Will share these observations widely. We are in a climate emergency and need to do everything we can. When I was taking this course, my city is going through severe flooding and the country is in yellow alert stage due to abnormal thunder storms. You should be ashamed of yourself for pushing this garbage.",Negative,Positive,0.5529685723638724
"Well presented, great communication and relevant content. The course was well designed and coordinated.",Neutral,Positive,0.959151136239048
"Long, especially the week on Iran. Really proud of myself for getting through it.",Neutral,Positive,0.7500760261634464
"This course was a great overview introduction into ASD. The information was presented so the information was not overwhelming. You begin the course by looking at ASD from a wide-lens down to details. This is recommended for anyone who is interested in learning more about ASD and then to take more details classes as needed. The videos that were part of the course were informative. There was not a lot of discussions nor was this class led by any instructor. I wished it had links to more articles or more in-depth information, especially the weeks on the developmental areas.",Positive,Neutral,0.4228859765171322
"I really enjoyed the last part of the course related to the Gesture Interaction and the practical exercise on third week, but overall I missed much more modern materials to show us. In an Input and interaction course or an Interaction speciality I do expect more other audiovisual support than a teacher and readings.",Neutral,Positive,0.6238246460260813
"Although I have passion with film, the quizzes seems to have lots of technical problems. I dropped out right on the first module",Negative,Neutral,0.40650796830172653
"Taken this course in its old fashion style. Now reviewing the new design was a little bit displacing, but I ascribe this to the fact I've done all the specialization courses in the old design.However the structure of the course is quite good. Some typos were reported, as well as a bug on the unanswered questions in quiz 3. Main worst point was the missing format of several text boxes. I would have appreciated paragraphs, bold and italic, some links, picture, not only raw plain text.Overall review is nonetheless over the average.",Positive,Neutral,0.5614412510790597
"It was interesting to a point, but there was no application of the knowledge gained. It was merely a regurgitation of facts.",Negative,Neutral,0.6138745499433352
Needs to cover more material in a more engaging way. Felt too lecture-based and observational. Possibly story-telling itself needs to be anchored more to specific usage occasions.,Neutral,Negative,0.5087051900473746
The lessons were really interesting. However the projects could be improved I think.,Positive,Neutral,0.4701638770300536
"that's very good, but it could be better if there is a way to pay and get certificate. we are in educational and science word not politic word. I live in I.R.Iran and there is no way to pay.I suggest you to provide some prepaid card for Coursera, that we can use of them, same as ITune gift cards.",Neutral,Negative,0.4654856657613811
"Honestly, I wanted to give complete 5 rating to this course, because the content of the lecture is well explained. But one feature I didn't like at all and that is Coursera has made it mandatory for the users to purchase the course in order to submit the quiz/assignment which I personally didn't like it. Except that the course is awesome.",Positive,Negative,0.5542039015472743
Longer than expected. You could move more of the content into the third section and balance the time commitment,Neutral,Positive,0.4723293623237247
"The content in this course is essential, but the delivery is patchy and the course project is hard to complete with just the learning materials provided. Read around the course and visit the data science specialisation wiki for extra information, and work through it at your own pace, rather than that suggested by the course. It's much easier to do this now it's on the new Coursera platform :o)",Neutral,Negative,0.49677621640590575
"Mostly as good as the course ""Functional Programming Principles in Scala"" I took couple of years ago. However, some of the videos are clearly taken from another courses and referencing to content not in this course. Especially the final week's content is very confusing, topics changing constantly without clear context and presentation. (I actually purposedly skipped the last few videos, as they seemed completely off the track and it was very hard to get anything out of them.)The exercices were good, starting where the previous course ended, and most of the videos were clear and well done (basically the videos by Martin).",Positive,Neutral,0.5021018038753964
interesting course to support previously knoledgement or improve it.,Negative,Positive,0.8148966934105376
Peer reviews are very unfair.,Positive,Neutral,0.4694675068198758
Questions seem geared towards school children. Having ridiculously obvious answers in multiple choice is an insult and I now think I've wasted my time doing this course as your accreditation will mean nothing to business in the future if you are just giving accreditation away so easily.,Negative,Positive,0.4881501593731943
"Kinda have to learn to Improvise yourself, he teaches you tricks to make it better, but not *how* to improvise. However, it's impossible to generally state how to improvise, you just eventually learn.",Positive,Negative,0.5006107455704969
"The modules had a lot of aspects and covered each one in detail. However, it would have been helpful to have some hands-on exercises like writing an executive summary, evaluating a resume, writing an elevator pitch etc so that people learn from each other. Otherwise, its a great course with emphasis on different aspects of business writing. Thanks",Neutral,Positive,0.7718056685087582
too few programming assignments :-(,Positive,Neutral,0.4819064856746823
A good but brief introduction to a number of useful skills. I learned a lot in a short amount of time but I still have a long way to go. I was somewhat disappointed in the lack of communication with a TA or instructor. The message boards were desolate and could not support any kind of a robust discussion of the conceptual issues involved with data science.,Positive,Neutral,0.6172500357295629
Better to provide real life case study example that shows how people using a particular system can really be more productive than before,Neutral,Positive,0.6030113748773345
steps for exercises are not clear.,Neutral,Positive,0.36781575997372756
"The course was interesting at first, but got Boring at the end.",Positive,Neutral,0.474139241865096
"it's a good course , but it could be offering more, like when we answer a questions wrongly, it could offer corrections and also we need more details with video journalism.",Positive,Neutral,0.5605142959066276
Good project but instruction is a bit draft. Probably because I joined their first ever one.,Neutral,Positive,0.5719266629868898
"hard assignments, lecture was not enough to cover assignments.",Positive,Neutral,0.5108138786728025
"I found it quite interesting, suggest to make the lessons a bit shorter.",Neutral,Positive,0.71888894361298
"Review of documentation from meteorjs website.Slow and boring course.Last assignment is where something starts to be moving but that's the end of course :(You could dive deep into Subscribe/Publish, what is below meteor(node.js) etc.",Negative,Neutral,0.426810510580091
not easy but valiable course,Positive,Neutral,0.3954735064887663
"A five-week class on biological mechanisms of perception of speech and music by humans. The topics include sound signals and sound stimuli and their perception with the human auditory system, differences and likelihood in the perception of vocalization and vocal tones in speech and of music, biological interpretation of scales, and the impact of cultural differences onto music.The course is rather a prolonged description of the research field than a proper part of general education. Its real subject is certain topics in biology, not music. Only a number facts discussed may be of interest for most music student, and these are contained in any decent introductory textbook of music anyhow.",Neutral,Positive,0.39470814666449544
"I think that the course is redundant, it is to general, trying to capture to much, and using a commercial program tool that's doing to much behind the scene.The second course in the specialization is really great though and you wont miss anything if you skip ahead",Neutral,Positive,0.5057688917053003
it will be better with some examples of code;,Positive,Neutral,0.46402836166478384
"Brief, high-level ideas. Could use more specific examples.",Negative,Neutral,0.6187005333360466
"Charging for free content, really?? Go fuck yourselves",Negative,Positive,0.448319918470395
"I really appreciate the approach which was taken to present such a delicate topic, but still there are some mistakes which shouldn't had happened. Like the year of Einstein's death according to common known history is not 1995. Also, many times, English subtitles are not correct, I have a feeling that machine has done it. Sometimes there is no understanding of content just the closest word to the sound produced was used. In any case, it is worth of my time, I will recommend it. Students are also provides with plenty of additional materials and when one has more time can study",Positive,Negative,0.3867715884886849
a bit basic,Negative,Neutral,0.6484622320124239
"A lot of background information, most of which I was unfamiliar with. Kind of dragged on, but I think it'll ultimately be helpful in the specialization.",Neutral,Positive,0.41209926891532767
the quiz shall have more hands on task and the depth of the contents is not enough. thanks!,Positive,Neutral,0.5241830307976619
"Course was very informative and the material was presented efficiently, however there have been some notable advancements on this subject matter which would have been nice to see covered.",Neutral,Positive,0.5803429595422941
Very nice course. It is a pity that the legal framework is almost exclusively focused on the US.,Neutral,Positive,0.7909788504548548
I think that's a very good programme and a professional instructor .,Neutral,Positive,0.9710132143878687
There is a large gap between the assignments and lectures.,Positive,Neutral,0.4271779828530846
"The course content is highly challenging and that's great for a sense of accomplishment. The biological problems motivates the biologist to go through the abstract mathematical concepts(but I have to admit there is a threshold where the biologist can not get it well anymore(greedy motifs, gibbs ...) and I wonder if he does really need it to be practical with day to day problems with chip array seq selex...)be ready you will struggle hard here",Positive,Neutral,0.3705476957419652
Much more difficult assignments than taught in lectures,Neutral,Positive,0.46195646481093366
There are some errors on the quizzes in between the videos. I had to skip a lot of them because it wound't accept the correct answer. I liked the testimonial videos.,Neutral,Positive,0.43532128092465217
good. but not extensive enough.,Positive,Neutral,0.8413885382348012
The course was hard to follow and understand.,Negative,Positive,0.3749620601256935
"Maybe a little too short. Quite easy on the quizzes too. The information is very good though. Many of these techniques I am already doing, so this was more of an affirmation of being on the right track for me than much of anything else.",Positive,Neutral,0.5287212065965539
Progress is a bit too slow.,Positive,Neutral,0.4844842734276962
"info good, photos way too small, would be nice if they were full screen",Positive,Negative,0.35654608290091916
"Personally, this course is interesting and essential for the learner to proceed to other more advanced courses, either within this specialisation or not. There is only one suggestion that it will be better if the instructors can provide more details of the pseudo codes.",Positive,Negative,0.4245331735378497
Too difficult for a beginner,Positive,Negative,0.6179380076907742
"I really enjoyed the coursework for this class. In particular, I loved how challenging some of the assignments were. However, I do hate that I cannot submit final quiz answers without paying for the course. I also did not like how little help there seemed to be offered to some individuals on the forum regarding issues they were facing with their code (specifically with the GeneFinder project).I took three of the courses from Michigan on working with Python and they were completely open to complete without payment (which means you opt not to get a verified certificate). I wish that this course, and the specialization that it is part of, fell into the same category.",Positive,Negative,0.5388093213714096
"Good topics, just poorly structured. I found the exercises easier than the previous module, but the lectures were worse. I ended up watching 1 lecture on week 3 and again on week 4 -- none of the other lecture content was relevant to the exercises. Would have loved a decent explanation of a Monad and their usages, but it really felt out of place in this course (no exercises on Monads).After completing the first two courses I don't feel like I would bother with the next ones. The course content is far to academic and I would get far more from a book.",Neutral,Negative,0.4915718510917249
"The course was good, but there was a flaw in a fact that there were several lecturers. Some fact were repetitive, especially the interviews didn't bring anything new, and the tests sometimes were too specific. Anyway, I find the information given in this course extremely useful. The last module was the most exiting one, with clear structure and some really interesting themes to discover.",Positive,Neutral,0.5306953737155257
good course all basics,Neutral,Positive,0.932757373902462
"It looks nice this training, but there are plenty of questions on every quiz. I think 15 is too much. I've taken other courses and there are no more than 10 questions on each one.I enjoy the last assignment.",Positive,Negative,0.4400016142393928
This course is,Negative,Positive,0.7335659209706157
"This is a clear introductory course, but the content is not as much as expected. Compared with other coursera course, this one is like one-week pack.",Positive,Neutral,0.5016790744659476
"This Course needs a Update, im really disappointed of Week 4 and the Assignments are Outdated and nothing new",Neutral,Negative,0.60734428254215
"Advises are really good. The course charges too much! A one week course should set a reasonable price, for instance, $19.",Positive,Neutral,0.41750462763087154
Nice course. But's it's a bit too simple.,Positive,Neutral,0.5893239215546694
"With all due respect to the lecturer (its obvious that he is intelligent and an expert on the subject), I found this lesson not easy to participate because of inordinate learning curve and fast accent.",Negative,Positive,0.4064308520991227
"There is no discussion forum. There are some concepts made me confused and I want to discuss with some other classmates. Another thing is there almost has no example, teacher just say the principles. I think one or two example for a principle may make some concepts more clear and can be understood easier.",Neutral,Negative,0.4069259431208134
Too many speeches with too few slides.,Positive,Negative,0.5330828073491389
Average Speakers and material,Neutral,Positive,0.5780279501310884
"In some lessons, teachers appear to be nervous so it's important to pay attention to that. Although the course is interesting, I expected more tools to be innovative and to create ways to join the marketplace.",Positive,Neutral,0.4550032349176138
Teaching and lectures are complicated. would be better if more simple language and examples were used,Neutral,Positive,0.5117894007569543
"This Course is very standard. I would have given 5 stars. Once you complete the weekly quiz and PASS it, you don't see the worked out solutions for the weekly quiz so that you can review.",Neutral,Positive,0.5390684655727194
"Course is Excellent.The final week is a bit fast, understanding the splay was very difficult for me.Could have given more examples for splay trees.",Positive,Neutral,0.4908290187956988
"It is a very basic course, but I am giving the maximum anyway",Positive,Neutral,0.5958987999071746
"I liked the course, however I'd like to give some feedback that might be useful to you:I was surprised a bit how short the course is. When I read this ""4-8 hours of videos, readings, and quizzes"" I thought that there will be 4-8 hours of videos _besides_ readings and quizzes. So this one is a bit misleading.Despite of this I liked the course. It gave me a lot of tricks and tips. However I don't understand the final 96.4% either. Maybe I missed something because after the last assignment the result has gone away in less then 1 second. As far as I know all my assignments were 100%.The design of the videos is a bit ""spartan"" :) I finished a couple of other Coursera courses (HCI, Gamification etc.) where the videos were much more delightful. This white background, black text is very disappointing.Anyway: Thanks!",Positive,Neutral,0.5806221218228825
"I didn't like and I couldn't take advantage of the videos of Mike Spears. As he doesn't write a line of code and has all the examples with snippets or just added in the project, it's quite difficult to understand the ""programming process"". The rest of the videos are really nice! Good work :)",Positive,Neutral,0.4816426431129207
"Completely new to programming. This course was easy to understand, but seems to provide complete information to write complex programs if desired. The presentation is concise, so not overwhelmed with unnecessary information or overly long explanations. The professor is engaging for the lectures.",Positive,Negative,0.40077101753791095
It is generally a good course. What I didn't like was the fact that the assignments were too hard.,Positive,Negative,0.4170040559187918
The quiz questions are generally vague in some degree. Scenario based questions could be a better option,Positive,Neutral,0.5246283624137908
"Very interesting course, yet course content could be spread more evenly (week 4 is really a lot)",Neutral,Positive,0.72263791307805
"It's a good course, but you do need programming experience. Also, takes twice as much time as they say, at least. Also, third week of course has a lot of work, while fourth week has very little. Would be nice to balance them out. I did get a lot out of the course and plan to continue with this specialization.",Positive,Neutral,0.4724709756758641
"Although the course pace was very well suited for a total beginner, I found the didactics of this course not so well-structured. The examples and starter codes caused quite some confusion, and the underlying coding principles were not made very explicit. I've finished an introductory Python course from the University of Toronto, and found that course much better structured. It gave me a level of understanding that I would probably not have reached by following the UMich course alone.",Neutral,Positive,0.5470671080347008
A bit disorganized and rambling lectures. Good content,Neutral,Positive,0.5359274389598448
This is basic content i wish it was a more outside just a lecture style where the lecturer just reads from the slides.,Neutral,Negative,0.5060713974516268
Needs more practical examples.Like project for free.,Positive,Neutral,0.5617468258280616
They could have stated the audience of the course more clearly. I found most of the information irrelevant that added little value. Most of the things discussed are generic and would apply to any project.,Negative,Neutral,0.43416961993467096
Overall the course is good. The last two weeks on AVL andSplay trees need more examples and felt a bit rushed.,Positive,Neutral,0.6464092417776454
$35 for this? duh,Negative,Positive,0.6201188325852601
"instructions for assignments are not clear! Lectures are good, but its practically impossible to get the certificate.",Negative,Neutral,0.5651756344314152
Too few students.,Neutral,Negative,0.525255862894078
"A lot of things to improve, specially thr learning courve is from 1 to 100 and a lot of pre knowledge need, your future public is the hobby robotics people who want to expand their knowledge, a litlle more weeks maybe two can increase the likes for the course. Check this one Control of Mobile Robots you can get an example of a good learning curve",Negative,Positive,0.811339404113016
"Presents a useful analysis framework, but with limited practical examples to learn how to use analytical tools.",Neutral,Positive,0.47887501099552565
"The course is thorough and well-explained, but the tests' questions and answers are absurdly badly-designed so they become very difficult.",Neutral,Positive,0.5496503070785085
introductory course,Negative,Positive,0.8968626178132972
"Very strong pedagogy, for a topic that is not easy at all.",Positive,Negative,0.5046658516621659
"the tutorials is not for average students, it takes a very high skill to understand them . also the quiz nd the assignments r too tough.hope you can make them a bit easy, the last one ,ie with graphs and trees was a bouncer. If the maths required is so high, please take a week to first explain the math fresher required in course and then start the main course",Negative,Neutral,0.4461631470849364
"The whole curse relies on the automated grading system, which is still a little sloppy. I think it would be useful to have one notebook or cheatsheet with all the important functions. And also, I personally like to have a reference assignment that was completed by the instructors. This could be provided before or after the course, but the way I really learn is by reading other peoples code and seeing ways to code problems. Thanks",Neutral,Positive,0.5944980801525047
"Unfortunately, ""Strategy pillar"" and ""Ethics pillar"" are observed in far less details than ""Law pillar"" here. Thus, this course is good mostly for people who are interested in American law basics.",Neutral,Positive,0.5535529115868404
It would be better if the course was updated to swift 3+ (I know it's new but still),Positive,Neutral,0.43865681571885057
Okay course. Techniques and content are a bit too traditional.,Negative,Neutral,0.48650161819572213
This specific course traded off depth and detail for breadth of topics. Too many ideas were quickly described and not really built up to my liking.,Neutral,Negative,0.4656576418556112
I was expecting to learn to use some tools during the course. Looks like I have to teach myself how to use different programs for designing.,Neutral,Negative,0.4924064838884699
"Very interesting, love it. Just a constructive criticism: it would be better if the actual content and the ""how to teach it"" could be even more connected. There are several evolution courses out there with different levels of deepness but, as far as I known, is difficult to find courses on ""ok, how to talk about this in class"". You should include things that ""how to avoid the trap of starting discussions with religious people and if you enter one of such, how to deliver the msg without going into a fight... and anti-R.Dawkings approach"". Or another nice topic could be ""how to counter-attack usual/frequent anti-evolution arguments in class"" and so on. I mean... I would like to go beyond the content and be even more ""for educators"". But please, don't get me wrong, the course was awesome.",Positive,Negative,0.38133686890291035
"This was a decent overview of FP principals, but a poor introduction to the Scala language. In fact, the requirements should just come out and state that you must have prior Scala knowledge to most thoroughly appreciate the course. The last 2 assignments may have been ok for 3 hours (doubtful) for someone with Scala experience, but they really should be marked more appropriately for time for those of us new to Scala. I'd say 6 hours; easily more than that for the last assignment.Also, no slides or related handouts are provided. If you remember seeing something on one of the slides shown, you'll have to look back, scanning through all the videos trying to find it. This is a very poor way to manage course content - forcing students to rely solely on the videos.I'm left feeling I've only learned a smattering here and there of Scala, and don't think I'll take the remainder of the specialization as I had intended.",Neutral,Negative,0.647697419588601
Good Course so far. But lacks indepth explanation. Courses such as probability need to be taken prior to this,Positive,Neutral,0.5577067464400394
i had technical problems with both coursers's online system and also with the 3rd party online coding tool,Negative,Positive,0.7002090724994766
"All of the review I've read were that the course was great, so maybe it is me that was the problem. However, as I would go through the written material, I would try to work the problems given as examples, and when they did not work, I was confused and wondered why the example given to teach us would not work. I asked for help a number of times, providing screen shots of the results I got trying to duplicate what the example was supposed to show, and page numbers of where the example was presented in the course materials. One former student basically said that I should not be trying to duplicate the examples, but just accept the concept they were trying to show. Another did a good job of explaining one of my questions, but then all replies to my question ceased. I decide to drop out of the class and try teaching myself, as I have done on everything I have learned about computers since my 1st computer in 1983. I have been very impressed with other courses given by Coursera members, but this one was not one of them. All of the other submissions praise the course, so maybe it is just me, but none of the other submissions mentioned any actual things the course had done - just that it was great.",Neutral,Negative,0.673513927420608
"The course feels rushed. I understand teaching Machine Learning in 4 weeks is impossible, but then maybe the course needs to have a narrower yet deeper scope rather than throw at you many concepts without details. e.g. trees, random forests, bagging and boosting all in 10 minutes each? Impossible...So, as opposed to creating machine learning intuition I feel the course became an R package code book.",Neutral,Negative,0.3755771169634204
"I watched the entire set of week one lectures, and sadly I do not think this is up to scratch with the rest of the material on Coursera. The presentation is not consistent: there are slides, web cam videos, animations, and it just feels like the course is a mish mash. The University of Adelaide is running a similar course on a well known competitor site, so I have signed up to that.",Neutral,Negative,0.6418257056504457
"I like the whole experience, but there are some gaps between sessions and weekly projects. I think this course can be improved with adding small tests between each session and providing several exercises as complimentary material. For understanding many topics I watch many other videos on youtube till I grasp the concept.",Neutral,Positive,0.41415689650564996
"Excellent lectures, let down by the difficulty of the assignments.While the tutors clearly know their stuff, I found the assignments really quite challenging and of limited educational value due to the mixture of new concepts introduced by the lectures along with new (to me) mathematics or CS that also needed to be grasped.I'm an experienced professional programmer with the EPFL 'FP in Scala' and FRP courses under my belt, so I thought I knew what to expect but this was much more time consuming than I'd thought.",Negative,Positive,0.6828673884783513
"Course is OK, not too informative and not too poor.",Neutral,Negative,0.48662350513406444
"This was a good overview of the services Google Cloud Platform offers. There were a few bugs with the quizzes, but overall it was put together well and had a lot of information for a short course. I think it is a good introductory-level course for a person who has some background in Data Science and cloud computing, but not much experience with Google Cloud Platform. The tutorials and exercises are quick walk-throughs that can be completed in 10-15 minutes each. They give you a feel for how the Google Cloud APIs work and what some of the capabilities are, but don't go into much depth. This is an ideal course for a person who is considering using Google Cloud Platform but isn't sure what the advantages and capabilities are.",Positive,Neutral,0.4692639361570607
"The projects are fun, but the course is too short and abbreviated.",Positive,Neutral,0.45385911633453074
"Too complex lectures for novices, too easy assignments for experienced python programmers.",Positive,Neutral,0.4414208096835109
I did not understand the submitting process till the fourth week. I feel that you could have offered a more detailed description . Doing the review in the fourth week did not do justice for my peers.,Neutral,Negative,0.4429077755912072
Requires payment to complete the course.,Neutral,Negative,0.5070032321497221
In spite of this course being very basic it give you a quick highlight on the fundamentals of management principles.,Neutral,Positive,0.44734979817936743
It is a good course but rather for real beginners on a basic level. But everything is clear.,Positive,Neutral,0.5326525959363427
as start up knowledgeit is ok,Positive,Neutral,0.651442322235708
"The final project is the real challenge, the course lectures are just and introduction and you learn the hard way with the project.",Neutral,Positive,0.5641795593233838
It just could not be better!,Positive,Negative,0.5150990646481715
"I learned so much. However, the lack of support when I got stuck made it a frustrating experience. I would not have been able to pass without the discussion forum tips. Even then, it was a lot of mucking in the dark and assignments took longer to complete than they should have. I'm glad I took the course but it was not designed for someone at my skill level. If the discussion forum was organized in a better way, it would have helped -- I had to scroll through pages of text to find the right tips to identify my mistakes. Sometimes the question requirements were oddly or ambiguously phrased and I misunderstood the expectation for the function being tested.",Neutral,Negative,0.4433164203583601
"The course was ok, but at times too much theoretical when it comes to proofs of some methods are working as expected. I think its good to know the principles of parallelizing application and changing the potential algorithms, but this has applicability only in specific fields like comlex computations that need to be highly parallelized and less likely you would use these principles in standard backend development",Positive,Neutral,0.522591204272262
Please show the quiz answers for verification purpose since we have to buy the course to submit answers,Neutral,Negative,0.6196357827897668
"May be my english is too bad, but i found this course too difficult to understand, especially pick all the right answers in a list.",Neutral,Negative,0.4922179956595532
I really liked the fact that we were given an overview of all the machine learning techniques before we actually delve deeper. However I would have rather appreciated it further if we used open source python libraries rather than graphlab!I think the use of graphlab really did limit our scalability and use elsewhere other than on the course.Please do consider using open source tools in further courses and also provide starter code for the assignments in one open source library in addition to the code provided using graphlab.,Neutral,Positive,0.6050672161207509
"I had rated the course earlier but would like to amend my statement. By some uncanny chance, I have just managed to pass the final assignment on my fourth try, which means I have passed my course. I still believe my original observations are valid. Thank you.",Neutral,Positive,0.6191724112253609
That was very informative and motivating course. I wish the quiz was not that detail oriented and hard..,Neutral,Positive,0.6218976912179532
"I would suggest to remake the lessons. The speech by the author is very interesting, but the images are a bit poor (and boring) in the sense of not completing to much their explainations. Thanks.",Positive,Negative,0.5900260387741715
"The course was enjoyable for the most partand I increased my skill level. The videos, for the most part, were good. However, consider revising some of the one for Fusion to include demonstrations for the sweep, loft, and revolve tools in the Sculpt mode if they are to be included in assignments. These were not as intuitive as the others and required reliance on videos found on Autodesk as well as Youtube. Additionally, it would be helpful to slow the pace in illustrating ""how-to"" in the videos. There seemed to be steps omitted and I found it difficult at times to reconstruct all the steps. Finally, I noticed that staff/mentor help was not readily available for weeks, when participants posted queries in the forum.",Positive,Neutral,0.4557553870375608
The lectures and assignments questions are more about the history of the internet and HTML. although I've finished the course but it wasn't as good as i thought.,Negative,Neutral,0.5608759815531881
Interesting to say the leastWhy cant i access my certificate. I paid and successfully passed,Negative,Positive,0.6509548058123713
"I would give this lecture a three because it is a very independent and useful course, but I feel like the presentation skills could have been improved upon and found the information very dry. I really liked the intent and where she was going.It was easy to follow and complete, although there was something missing for me.",Neutral,Positive,0.5830468375739509
"Excellent, the instructors teach in an almost mersmerising (sorry will have to spell check that later) way. Totally fascinated by the course as I intend to write articles in the long run. I was many years ago a commercial photographer, however my pictures seem to tell a story and they are not photoshoped. So its envitable that i could not set the world on fire in that realm, but with the journalism course, I can see a way forward. Joe Grim has to have a mention just simply his saying thank you at the end of each lecture, its not something you see from people these days, then there are some very interesting personalities teaching in this course. I expect to come back and do the full specialisation at the end of this.",Positive,Negative,0.5559824946735201
Good short course. I would have like a few more quizzes on top of the assignements for repetition,Positive,Neutral,0.5017977644142365
Hey corsera kindly check my week 4 answers please i answered it before and no one doesn't checking it i finished all the weeks except week 4 thank you.,Positive,Negative,0.488228846932373
Some points were technical making a key understanding of how to present a resume,Neutral,Positive,0.6864561765377079
Great introduction to the clinical statistic usually encountered while reading medical or biology literature. However it would be much appreciated if more calculations could be incorporate into this course.,Neutral,Positive,0.5839030689595212
Please stay away from this course.,Negative,Positive,0.48472105081944455
"Excellent introduction into the subject. A lot of theory and practical illustrations. Surely, to master the material entirely you should practice for years. But the course gives a thorough overview of what the blues means. If you don't learn how to play it you at least will understand what happens there. My only critics is that I did not found any written materials that are used in the lectures. I don't understand why. I used the printscreen button to get examples from the videos. Would not it be much easier to include the music sheets that are disposed publicly anyway.",Positive,Neutral,0.3882487596313552
"2 weeks were balanced and thought-provoking and one was silly, but entertaining... therefore three starts with 2 stars taken out for ending a good course with a week of silliness.",Neutral,Positive,0.7256684529668346
Some week cources are great others are too confusing or scatchy.,Positive,Neutral,0.5139552392652842
it is good thing to learn,Negative,Positive,0.914555146873331
Good general change management strategies as they relate to a complex health care environment,Neutral,Positive,0.6344239404452244
"Practical to do if you are continuing with specialization. Ensures all students have the correct setup, which is important. I'm not sure how useful it would be on its own though.",Positive,Neutral,0.3850082596543802
"Great course for Teachers or those, like me, who want to gain general knowledge. I like the diversity of reading, video content and quizzes and the aspects of geology that were covered.",Neutral,Positive,0.9435345563170503
need more engagement and exercises before every week task,Neutral,Positive,0.7068540672247389
"This course was pretty cool. A lot of very useful stuff was covered, but I feel like it went too fast.But I think it could be better connected together in terms of broad principles, rather than just going through tons of particular examples. I still don't feel like I have a ""mental framework"" for how to lay out a web page, other than the basics of the 12-column grid system. It all seemed very ad hoc.It's by no means a bad course, and I still gave it four stars since the material is very useful, but I definitely think it could be improved upon.Also, the ratio of homework/lectures is way too low. I definitely think the course should put more emphasis on actually creating websites oneself. Many of the homework assignments took me under an hour -- after I spent hours watching all the videos and taking notes trying to remember it all.",Positive,Neutral,0.48766699915762884
"It's not bad, but not amazing. I would recommend University of Michigan's Programming for Everybody (Python) over this course. While the game-oriented approach is fun, I don't like the excessive focus upon the simplegui module which was created by the instructors specifically for this course. You will learn some basic python concepts, but you'll spend way too much time learning how to use this module which you will likely never use again, and this is at the expense of learning how to use some of the more commonly used standard modules (eg datetime, sys, etc). I also found glitches in the materials, and many of the questions and grading rubrics are unclear or ambiguous. Very frustrating.",Neutral,Negative,0.47468998817623387
"It would be good to be able to complete the quizzes even if you are not paying for the certificate, this would enable people to understand how much they have taken away from the class.",Positive,Negative,0.5096786884091372
"Great, I just didn't like editing old stuff - I'd have preferred them asking for separate writing and reading lessons.",Positive,Negative,0.4610099890571076
The final assignment is challenging. But it would benefit a lot if you work hard to finish it.If there is more detailed instruction for the assignment would help the students finish the assignment.,Positive,Neutral,0.5145141059742822
"Good survey of the material, but assignments are superficial.",Positive,Neutral,0.6255560652341791
It seemed like course material had little to do with the assignments. Teach us how to read alphabets and assignment is to write poetry. Big jump!,Neutral,Negative,0.47529967477059337
"Good for beginner, but somehow too simple for further study.",Positive,Neutral,0.5255643688201412
Subjects are not covered in depth but it's a comprehensive overview. Looking forward to the next courses in the specialization.,Positive,Neutral,0.5555361369356123
Someone who doesnt pay doesnt really participate in this course,Negative,Positive,0.5622213857306722
Very poorly constructed with links in the final exam that didn't work so I couldn't finish the exam. Then I was graded after only finishing 4/5 of the exam. I managed to get everything straightened out but it took some effort.,Neutral,Negative,0.5702428831209655
"This is a very good and informational course : however, the person who is speaking tends to have a lot of mums and stammers a lot. Overall, pretty decent course.",Neutral,Positive,0.6364645459422822
"This was a really good course. I was mostly interested in the music and related culture, but I will be interested to read some of the books that were discussed. Thanks!",Neutral,Positive,0.7532285274805897
"It is a very good course, but it does not follow the same level of proposed work as in the previous course (R Programming).",Positive,Neutral,0.5309589632023561
"At times the homework requirements are not well-detailed, comparing to the grading instructions.",Positive,Neutral,0.4747246695240567
She just started with wk 2. There should have been more explanation and videos in week 1...not very interesting. I think statistics you need to take in person.,Negative,Neutral,0.46605149286348213
"Good, but not so deeply good",Positive,Neutral,0.792705644925647
Needs to be a little more technical and kick up the level of difficulty a notch or two.,Positive,Neutral,0.6129964291714507
"Good starting point. If you know the three languages this course could be basic, but (as lot of dev are) if you lack JS knowledge it's a good starting point too!",Positive,Neutral,0.5281801043714857
"Video lectures could be a little bit shorter by cutting basic explanations, for example, don't need to go thru the whole list oz numbers to see that each of them is smaller or larger.",Positive,Neutral,0.41838010776526907
"The material covered in the course is adequate and relevant to various aspects to our social lives. The course's purpose is to get you acquainted with the broad field of emotion study, to pique curiosity and fuel further research and deep dives into the multiple topics that are presented. It does this very well by offering lots of references to research papers, articles and videos. The course doesn't aim to dig deep into its topics. This remains as your task depending on your interests. As a final note, and this is critique I've already submitted, the presenter doesn't add too much to the slides in the videos. He basically reiterates what is written on the slides and doesn't expand on it much or at all. You're basically given links and references to what to learn by yourself. Hopefully this will change in future reiterations of the course.",Neutral,Negative,0.4323907878254175
I learned some helpful tips on how to edit and how to better structure a story. But there were assignments particularly on the last two that should have used assignment two or three.,Positive,Neutral,0.45536407793502925
There were key definitions and concepts that were stated wrong in this course. Please read the student forum for details.,Negative,Neutral,0.40702426695044464
"It is super nice, but still needs more challenging concepts, sometimes I found it was mostly information I knew while it could be something I never paid attention to regarding the subject.",Positive,Neutral,0.5402039389692274
"Good course content. However, the classes feel a little short for such a long topic.",Positive,Neutral,0.6476902666706343
"Basic, but good.",Positive,Neutral,0.625981981369677
I'm not really used to online classes but the information was helpful.,Positive,Neutral,0.5979947063507884
"Great course! One sugestão I have is to teaching how to use FileResource,URLResource, DirectoryResource, Pixel, ImageResource, etc, without using the edu.duke, because in the real word we don’t use this library. I know this library can facilitate the coding, but when the students use another IDE, they will not can do the same coding as they used on course.",Positive,Negative,0.5937235570724974
this course needs much more evidences and examples to support the valuable information.,Negative,Neutral,0.45174934528436167
"A bit outdated now, however it is still a good resource to get started.",Neutral,Positive,0.48567868581224216
"Good. But presentation is not satisfactory.However, thanks a lot for this course :)",Positive,Neutral,0.6092174804675947
The course should have been more thorough and should have been accompanies with good programming exercises as well..At some starting course there was also some cross talk among the instructors. The module on image processing should be reviewed as after some point it becomes sort of boring.,Negative,Neutral,0.4339555542994655
"Awesome, straight to the point and full of great new ideas, I just wish it was longer",Neutral,Positive,0.9708988339443388
"I'm leaving because I can't keep up with an 8 week course given in 4 weeks, and even less if the course keep on refering to the 8 weeks time frame. A pity, I loved this course.",Neutral,Positive,0.6801102942072265
I learned some creative codings in html 5,Neutral,Positive,0.7288548937818143
"good! though i still not good at R, but i can follow swirl now, thx, i'll go on",Positive,Negative,0.46269362415001236
"While this is a great course for introductory programming, I believe that it suffers from its focus on cokeskultpor UI design. The main issue I have with it is that these skills are not easily transferred to real world applications. I think some time spent on a basic introduction to tkinter would be good to help get people started on how to make their own programs.I found that the grading rubrick in particular focused too much on simple UI elements and not enough on making sure that the code was good or that the game even worked. For example, I had one person who had everything in pong perfect except that the score was added when the ball hit the paddle. This meant that the game as whole did not work as expected, but it only cost him 2 marks.",Positive,Neutral,0.6233804552918558
"Good course, but outdated. The SDGs were agreed upon in 2015 and there are already ajor efforts ongoing to implement them. The course only mentioned the draft SDGs, which changed considerably later on. Therefore, the course is useful for Background Information on SDGs, but not to get up-to-date with the SDG process.",Negative,Neutral,0.5699902566050427
There are some incorrect answers in quizes and some instructions for the ssigments are qiute unclear...,Neutral,Negative,0.5670003231458655
"The Instructor is excellent and easy to follow. The readings were rich with information. The subject matter is very good, the quizzes reinforce the information instructed, and the testing is sufficient.I would rate the course a 4.5 with the exception of the Peer Review portion. The staff does not enforce the Rubric Instructions for the Peer Review(at least my experience).Most reviews do not critique, offer constructive criticism, and in some cases I am confident, the answers were not even read. I would like to know why a score was felt appropriate... if I received a 10, what worked so well? If the score was a 7, what can I do, in your opinion, to improve the answer? The overwhelming majority of reviews were simply ""very good"", ""excellent"", and ""nice job"". These answers do not fulfill the rules outlined at the start of each course and I believe students not completing the Review properly should have their grades reduced or listed as incomplete.",Neutral,Positive,0.40248552497188833
"Very well explained, but it should have been called ""Basic Javascript"" because I'm sure many topics are missing. Moreover, the lecturer kept on saying ""Now stop and write some code"" but it's pretty hard to imagine a code from scratch, so I would suggest having (many) more exercises. (The existing ones were also very simple)",Positive,Neutral,0.5705752838702985
"I had to keep pausing the videos because he kept rushing through the material. The notes that appeared on the sides were very hopeful, but rarely stayed on the screen long enough for me to write down the first note! It was very informative and interesting.I WOULD recommend this to someone else, however I really wish that the notes stayed on the screen either as he talks (until he gets to a new topic. EX. Egypt VS. Babylon- the whole topic of Egypt VS. Babylon the notes for it are on the side of the screen. When it gets to the next topic-- say Neo-Babylonians, the notes for that topic appear ), or just long enough for people to read the notes and copy them down.",Positive,Neutral,0.42799939816845833
"The approach in this course is incorrect, I think that will be a course with more concret examples, but is a course with a lot of teory that is not applied.",Negative,Neutral,0.46485544660528383
"Good course for general knowledge of the subject. I felt the amount of reading, especially the 4th week, should be more accurately represented. At least for time management.",Positive,Neutral,0.561535928683993
"Content of the course is great. However , at time assignments are very difficult to understand. There are probably very few students who take this course at any time , so you dont get much help from forums. TA's and Professor as well have not responded to any of our questions. I dont expect any course to be cakewalk but at least some help need to be provided.",Positive,Neutral,0.4450658655888748
There are many interesting elements in the course but one of the coaches I can't connect to. I don't buy that coaches pitch as genuine.,Neutral,Positive,0.48392375666666937
Very good course. Interesting tips and summaries. Very helpful.,Neutral,Positive,0.9950520103963054
"It's too easy! I know this is a beginner course, but in my opinion, it's too easy and slowly.",Positive,Neutral,0.5056632174008231
Entry level for writing English emails.,Neutral,Positive,0.5892444024623269
I'm loving it although the written part is very difficult. I won't give up. :),Positive,Negative,0.36129804187782305
"Great HTML5 primer, not enough detail in the course, but honestly, how can you cover everything in three weeks? It's impossible with this format but I think UM, Colleen and Coursera did a fabulous job creating a short and welcoming intro HTML5 course. I'm already signed up for her CSS3 course!",Positive,Neutral,0.40775916104591514
"The synopsis for the course claims you need previous programming experience >I don't really have any experience in any of these languages except perhaps C from many years ago. However, I do have experience in Lisp and I found that the languages are extremely similar. In many cases I could think in Lisp and write in Scala, which is sort of like Lisp with type annotations, not always, but often. There are a couple of places in the course where the author assumes you know java. I think this is a mistake. You basically need to know the names of some java methods to work the exercise. But I just asked in the forum and someone gave me the correct method names.",Positive,Negative,0.3553410269134594
if you're a somewhat experienced programmer looking to start and hand on learn how to build apps this course is not for you.,Neutral,Positive,0.48247121281734073
"Good overall syllabus, but needs more concentration on Objective C.",Positive,Neutral,0.6339314276228674
Too little course material; video's too flashy (noisy) and do not discuss enough information,Neutral,Negative,0.5737340745204256
This course is alright. For some reason I liked the regression course more as this one was a little to simple in terms of the practical.,Positive,Neutral,0.5268824155127455
"Not what I was expecting, but for the ones who enjoy social networks and want to learn, I recommend.",Neutral,Positive,0.42481316762059723
"This course has amazing breath. Most other specializations are organized chronologically (i.e. Course 1: Learn Ruby, Course 2: learn about databases with rails, Course 3: Learn about HTML,CSS, JS, etc.) But this introductory course describes everything that goes into making web applications, from front end to back end and compares ruby on rails to the other major frameworks. If you're just trying to get started learning WebApps, as I was, this is very useful.The reason I couldn't give it 5 stars was that there weren't very useful assignments. You learn programming best from doing projects. In this course, there were a few quizes (which aren't as nearly as useful as projects) and the only projects that existed were to simply follow the steps exactly as the professor did in his videos. I think that the makers of the course are 90% of the way to a top course, they just need to add in programming assignments for each week, where you don't just follow the professor. I learned a lot from this course, but without getting the programming projects and exercises needed to reinforce the understanding, it may be hard to retain some of the knowledge.",Neutral,Positive,0.53758335881835
"The class recording could have been made simple. Lots of notations, and would definitely be difficult for people without prior econometrics background.",Negative,Neutral,0.39339458038912783
"The videos were very tedious and convoluted, in addition to being outdated. Almost all of the methods were deprecated by the time I was taking this course. I wouldn't recommend this course at all.",Negative,Neutral,0.4147643494718147
"Material somewhat simplistic and professor likes to ""hold your hand"" rather than exposing the material and letting the student run with it.",Neutral,Positive,0.5046388393350525
"I wanted to ask but it is not possible (there are not chat or discussión).I think this course is interesting but I need to learn more english first and I realy realy want to know it, How I can to know the profits (payoffs) by my company?",Positive,Negative,0.44448124601692224
"A little too basic, and a little too talky. But a good foundation, and well presented at its level.",Positive,Neutral,0.6727990338312418
"Too abstract, too expensive.",Neutral,Negative,0.5392712984735484
good introduction to 3D printing,Neutral,Positive,0.8288480145001269
"A gentle start to the 10-course data science specialization. Would not recommend taking the course just by itself. If you're planning on the specialization, it's a great way to easy in.",Positive,Negative,0.4454614067997493
Videos to explain the materials would be much more useful than how it is right now...,Positive,Neutral,0.462981822222504
"This course is quite challenging for beginners. I tried to do the assignment, the code of the assignment are those that i've never learnt before..i only learnt in the forum. Please review so that learners won't be too stress out..Thanks for your kind attention.",Neutral,Positive,0.6023141660388968
"The lecturer is very good. The course is not very insightful and on the surface. It is business oriented, it doesn't deal with interesting and challenging academic problems.",Negative,Positive,0.4859529107183285
"Since it is an introduction to Swift programming I believe it should contain more information about particular topics, not in depth but essence of course. You have provided a official Swift Apple documentation, so I'm wondering why this short course if It's necessary (read not necessary to know everything for beginning) to know everything about Swift language.",Positive,Neutral,0.4915489625554364
Enjoyable content and presentation but the coarse seemed very short compared to others I've taken. Not a criticism but rather and observation. If it was short on purpose that is one thing but I believe there is more to be said on this topic fundamentally and hope to see this course expanded or a second one produced.I would like to that those involved int its creation.,Positive,Negative,0.4788499481398962
The course concludes the elementary knowledge of Game Theory. But it might be a little bit difficult for a new learner to grasp the key point. The lecture sometimes could be too much academic.,Positive,Neutral,0.521518598417664
"Concepts are explained in a rather structured way and hands-on with Neo4j are interesting.The last part with GraphX is pure copy-paste of orders, it is disappointing and not a good way to practive.",Neutral,Negative,0.3847395416303088
"This course helped me in getting introduced to the IOT space, it is very basic/preliminary in nature but helps in setting up stage/ context for acquiring more knowledge and hands on next sessions of the certification.",Neutral,Positive,0.7771732627296768
The first two weeks where very well structured and as interesting as the first course. In week 4 it seems that there have been materials from other courses puzzled together (Principles of Reactive Programming). That made it a bit difficult to keep on track.,Positive,Neutral,0.4709272972367922
Having different instructors for different modules is confusing,Positive,Neutral,0.45320763639421785
"I would love to see more emphasis on the syntax of the language from where colons should be used to ""try"" then ""except"".",Positive,Neutral,0.5665903970671062
The course is very simple,Negative,Neutral,0.5461883471893305
Can't easily understand one of the instructors. Dislike how it chops and changes instructors in the same course.,Neutral,Positive,0.7369197929561292
This is a pretty basic course. It teaches you three tools to organize your work and home to-do lists. I do not think I will use the system that was taught.,Neutral,Positive,0.49032164324195604
Some of the lectures were tough to follow. Huge disconnect between the course videos and the assignments. QuickCheck assignment was a waste of time for me. Calculator assignment is really good. No assignments related to Week4 course work is disappointing.,Positive,Negative,0.6987358670107271
"It was interesting and informative course. However, I found difficulty in relating lessons and get true meaning of the course",Neutral,Positive,0.5540466081201338
"Good material, but wish it had more assignments to hold you accountable.",Neutral,Positive,0.536975479936256
"It started really well with the deduction and induction ... However, in the later part of the series the explanation and examples were very light and process of creating new models could have been detailed more",Negative,Positive,0.5015847862037767
"Lot to learn about Plato, same with the other course I'm taking On Plato which was great. I wish the instructor, no offense, taught more and told jokes less. I get what he was trying to do I think, but it made it seem like the vids were for starters and then you had hard tests that he didn't prepare you for in the videos. Much easier that I had already read much of Plato and then could read the excerpts for the test or I would have had a real difficult time getting through this course. It was difficult because you had to do a lot of the reading and sometimes it wasn't clear what answers where expected from the reading, perhaps my reading comprehension isn't as good as it should be. It was still a good challenging course though. I could respectfully disagree with how the material was presented though. Hopefully I can find time to join forums and get more out of it as I've finished the class before the class has officially started.",Positive,Negative,0.4540746219435413
The fastest approach to robot motion planning---from someone who knows nothing about the subject.,Positive,Neutral,0.4792733120521552
"The grading system I dont like it. I coded and validated, yet it returned error to me. I was frustrated that I had to opt out of the course.",Negative,Positive,0.5487029385940897
Could be more hands on! for example interactive tutorial where the instructor actually using the functions to demonstrate how things work.,Positive,Negative,0.3682009308057309
"While I enjoyed this course and learned quite a bit, I think the strong leaning of the content toward use of materials for educational purposes should be made much clearer in the class title and description. Another primary complaint is that many of the quiz questions are are poorly written, requiring assumptions to be made outside of the information presented with the question. On a positive note, the wealth of supplementary content is very helpful.",Neutral,Positive,0.4521417017363501
"Extremely useful info, but the material is too shallow to be satisfying.",Neutral,Negative,0.494557347664928
"Raise some philosophical questions for brain storming. However, not much direction of exploring further where philosophy should go.",Positive,Neutral,0.5788357879225994
"A nice course, but there is lack of teachers participation.",Positive,Neutral,0.6685860600567755
"The overall quality of the course is good, but in my opinion the level is quite low and there is less content then I expected. The assignments are more or less copy-paste or very repetitive. The 5-8 hour work per week are a joke, I never needed more than 2.5h per week.",Negative,Neutral,0.4957142578736344
thanks for everythings my teachers:)I hope to visit you soon.,Neutral,Positive,0.9697835838868136
It's a little bit too easy.,Positive,Neutral,0.6351459769676492
The presentation is extraordinary. Practice test helped in excellent intuition. However more methods needs to be developed.,Positive,Neutral,0.5065727616917091
I don't have reasons to rate it less but I will recommend that the gap between the course materials and the assignment levels should be bridged.It took significantly more time in course which almost defeated the whole purpose.,Positive,Negative,0.3913150921833193
"This course was a fairly decent introduction to personal branding. It certainly made me aware of it, although, it did not completely prepare me for the enormous task of consistent branding. It was a good place to start if you know nothing about things like twitter which I didn't.",Positive,Neutral,0.554017126860485
"short, effective and precise, contain all necessary for a initial learner about Business Model Canvas. In my case, I am an intermediate learner, so it was not enough.",Neutral,Positive,0.7446712434048209
I'm really enjoying the course. It gets difficult sometimes since I have no IT background. But there's nothing that can't be figured out. Of course one needs to apply additional efforts for a deeper dive to the subject. Overall it's a great basic course to start with.,Positive,Neutral,0.5089553285950476
"The content of the course was really interesting and made me think about things I didn't think of before. However, I found the layout of this course really confusing. It would be better if there was no division per week, but just a list of mandatory things and a list of optional things.",Positive,Neutral,0.43400230324069555
"Getting things set up is not that exciting, but a necessary part of it. I'm looking forward to learning more.",Positive,Neutral,0.506365321538304
It was helpful but too technical for non-business person to learn about basic project management. It also would have been easier to understand if the information presented were to be broken down into smaller sizes.,Negative,Neutral,0.482205119087124
Good and basic understanding of terms.Can be made vast.,Neutral,Positive,0.7098925019678609
This course fills a gap that is rarely taught by explaining biological origins of musical experiences. The material is very easy to follow. I wish there were more practical exercises or home works to play with the concepts.,Neutral,Positive,0.6597785360856474
This course was so convoluted and not practical that it made me lose complete interest in the specialization.,Negative,Positive,0.36084516273236916
"plain and simple(course content)! I found assignments were very simple , wish increasing in level of difficulty.Modules for reading should be made compulsory.I completed this course in three days.why the hell it needs 4 weeks?There should be serious look at assignments as they are the core part and key measure of understanding and passing should be in terms of questions not percent and there should be increase in number of questions.",Positive,Neutral,0.5900780872897783
I like this course it is very easy because of the trainer,Neutral,Positive,0.8310296831247592
"If I can understand all of these derivatives, why shall I attend your course? It is not helpful course, especially for persons looking for some practical econometrics applications rather than focusing on the mathematics side of it.",Negative,Positive,0.4797969061809663
to easy,Neutral,Positive,0.5013736120970593
"Good material, but even better external material shown by links to blogs or related stuff.Too focused in SCRUM. Maybe other methodologies are worth to explain.I'll not buy it since I'm a SM, but if you are beginning with this topics or want to pursue a SM certificate, this course definitively can help you.",Positive,Negative,0.37545884198318036
this is a very basic course about this three topic .,Positive,Negative,0.4535776607646472
"I was really hoping to complete the data science specialization, but I have found the first couple of courses to be not very cohesive. This course in particular was ok, but lectures and application (projects and assignments) had such a wide gap between them I found that I was mostly teaching myself...",Negative,Neutral,0.4756923020619288
"The content was useful and I do feel a foundation is being set.The area where I think the course fell short is on the support we got from mentors or instructors in the forum, basically null - pun intended. There are some points where it's easy to fall into a rabbit hole, like I did. Without support, a simple challenge supposed to take a few minutes can turn into hours, days.",Neutral,Negative,0.43594218463695467
"Pretty simple, the Univ of Michigan Data Science with Python set the bar pretty high.",Neutral,Positive,0.6910337055159531
Prof Hsu is not enthusiastic / gripping in presentations and so the material he teaches doesnt stick.,Positive,Negative,0.38544528477609924
"I thing this course should have one or two more modules. It's definitely to short to grasp the basics of JavaScript. For complete beginners it should start with a module about Foundations of Programming and after explain in depth what is a method, a property, an event, a calculation, a variable, an object, etc.... After I finished all the modules of this course, always coding along the lectures and having done all the assignments to practice and having read the extra material, by the end of this course I didn't had a solid foundation about how to program in JavaScript. So, if you enrolled the Web Design Specialization, after the HTML & CSS's courses you will have solid foundation about those languages, you will also grasp the basics of Responsive Design course but you will have to do other JavaScript courses to became a Junior Front-End Developer in the ""real life"".",Negative,Positive,0.6677075949055351
"I enjoyed the lectures and content. I would have liked to see more use of clips. The quiz format (select 2, select 3) is not one I find effective and often leads to the creation of ""trick"" question through wording that don't really assess conceptual understanding. The same is true of history class questions of the old school - recall a name, date or place.",Positive,Neutral,0.523592953824809
The course seems like it would benefit parents but does not do much for a nutrition health professional.,Neutral,Negative,0.49715739811765236
"The videos were ok, reading materials added some value, although about three years have passed since the launch of the original course and the materials are all the same. I expected that something new would be introduced to give it a bit more value. But what is very questionable is the architecture of the quizzes. On one hand it goes way beyond the simplicity of the lenght of the course, assume a mindset that extends well beyond this course, and on the other hand after doing the quizzes some times and observing the considered right and wrong answers, some of them - to say the least, are highly ambiguous and express a personal point of view of the instructor in what is right or wrong (what by itself is not very reasonable), and lack ultimately in objectivity regarding the materials covered. I am not by any means saying that the quizzes are hard or simple, I am saying that they lack objectivity and go beyond the scope of the materials and try to put the student on a state of trying to guess what the instructor's opinion is regarding the question at hand. In some cases the 'best' answer chosen is absurd. Highly questionable this approach. Again, I believe that evaluations should be challeging, but these quizzes are a bit esoteric, they lack objectivity.Nonetheless, it is important to say thank you for being present in this platform and having the will to put it together. I wish you luck for the future.",Negative,Neutral,0.4687175396897705
very good. but in general needs more explanations in the videos andIf you introduce more languages it would be better,Positive,Neutral,0.48093672498628703
"This class needs more content, more explanation. It is clearly a very important aspect of Data Science, but the assignments were more complex than the given course content.",Negative,Neutral,0.59598572466414
"The course is too simplistic in my opinion. The entire 7 week course should be condensed into the first week - a single one hour lesson.Still, I appreciate the time and effort of the course staff and thank them for providing the course.",Neutral,Negative,0.45902532465260004
The course has provided the insights into what is machine learning and how machine learning algorithms works. It would be good if it can provide real world problems and how to approach to solve them.,Neutral,Positive,0.9011753509955739
"Very good basic course for everyone interested in the European Union. Here you can learn about the past and the present state of affairs in the EU, as well as get to know some future challenges. The course is filled with lots of EU-related facts and statistics and presents the EU from different points of view. I would say the course is quite a ""light"" one: there are no peer-reviewed assignments and quizzes are rather short and easy, but it definitely gives food for thought. Be aware that the videos are in French but with English subtitles.",Positive,Neutral,0.46415353663200637
I enjoyed the hands-on aspect of this course. I learned more about using Tableau from it that the prior courses in the specialization. I give this 3 of 5 stars for 3 reasons:1) My classmates and I think that the instructor left one video out the course which is necessary to answer one of the quiz questions.2) The instructions for at least 2 of the peer-graded assignments are incomplete. The grading criteria requires features that aren't mentioned in the instructions. As a result you need to alter and resubmit the assignments in order to meet all the grading criteria.3) The instructor repeats himself in the course videos. He's present a summary of the video while displaying a Tableau screenshot and then repeat the same summary while displaying a Presentation slide. I feel that more time should have been spent reviewing the Tableau features and eliminate the repetition of the material.,Neutral,Negative,0.4604550732246051
Very basic info suited for highschool students. Many errors in transcripts that you will just have to slog through.,Negative,Neutral,0.420600965574411
"The second part of the course is very good. But first part, with introductions and definitions were very ""heavy"".",Neutral,Positive,0.6141766503493135
"I want to give 3.5 stars but there is only option for 3 or 4.Given that it's geared more towards wanna be managers in this field. I would have expected lot of case studies, and links to additional material for individual reading plus a mini write up or a project at the end.For MOOCs to compete with a degree program or an onsite instruction few of the things I think that are needed areInterviews with industry practitioners which is a big plus.interviews/postings from people with similar background as the 90% of the MOOC students of this program who made it... this motivates the students from dropping from the middle of the course/specilization programslinks to additional articles that the students can read at leisurewriteup/project as assignments that the students can pursue and publish (not necessarily for grade but as a mind jogger)One more thing that I think should help (not specific to this course) is that the student with the best grade should be offered one free course and think this will motivate the students to complete the courses.",Neutral,Negative,0.500482361967224
"While I enjoyed most of the content of this course, I felt that it was one long advertisement for Duetto. I will certainly continue the course series because I enjoy the learning. Also, a note for presenters, please be aware of how distracting so many hand gestures can be. Thanks!",Neutral,Positive,0.5511153231583493
"Can not find a single flaw in teaching, and in assignment design.",Positive,Neutral,0.39753637634516176
"A lot of people says the course is boring because of the instructor but, for me he his doing well and i quite grab a lot from him things i didn't catch up before in previous Bootstrap course i took. his pace is perfectly ok and i had no problem with accent or something. I give him 5 stars",Positive,Negative,0.46205155540032977
The lectures were somehow chaotic.,Neutral,Negative,0.37601996959468564
Great ideas to improve the technical knowledges to scrapping web data,Neutral,Positive,0.8904833479818807
I didn't like the main lecturer of the course. I believe his is smart and everything but for me as non-native english speaker I found the way he speaks is extremely hard for comprehension.,Neutral,Negative,0.49640385680942134
"Overall a good course. Although maybe a little bit short/quick on the Marxism side of it. There's more information about some of the theories of Marx (and how they are thought to be false), instead of the political side of it (stop exploitation).",Positive,Neutral,0.5201091997669257
All very basic.,Negative,Neutral,0.46117456786448996
"Program demystifies the evolving world of CIOs in a typical global corporation.Coverage being introductory familiarizes participants nicely through some of the nuances & emerging trends.When I took the course participant numbers was fewer, so feedback was quite delayed. So one should plan to be patient to get their peer reviews.Based on peer reviews i sensed much variations in their expectations.Few sections are in French with Subtitles.Subtitle quality requires audit/review.",Positive,Neutral,0.467211686343456
doens't address the vegan lifestyle,Neutral,Positive,0.6635942826085935
It's a good start.,Neutral,Positive,0.6615837033982078
"Content was great and Prof. Shiller is one of the most important economists of his generation. However, the assessments could have been better structured so as to be more challenging and a better diagnostic tool for learners. See the Wharton School Introduction to Corporate Accounting course for an example of well implemented multiple choice exams.",Neutral,Positive,0.5770622992807264
"I really liked the course. Why only 4 stars? The references are missing, it's hard to validate the studies that are cited without having a bibliography.",Positive,Neutral,0.4293139534321716
"the instructor is really harsh, don't piss him off!",Positive,Negative,0.5308728030068267
"Beautifully executed and fun to hear Michael Pollen speak, but sooooo easy. Too easy, really.",Neutral,Positive,0.8552631305594954
Thanks a lot!Financing is really large field! But it is a little too cramming for me...,Neutral,Positive,0.8233303293013774
Just read PPT,Neutral,Negative,0.5590554109607829
The lectures are well explained. But the programming exercises are too basic . Expected the programming assignments to be more challenging . Good course but each week could be completed by 2-3 hours . And the 6 week course can be completed within 1 week by casual work . But its a good introduction to access web data using python . Recommended for beginners .,Positive,Neutral,0.6583722453127521
Marketing Analytics in theory was much more enriching than this one. It would be great if tutors can add practical examples to show how marketing analytics is actually performed it would have been great.,Neutral,Positive,0.41275329170666
"Materials and topics were good, but the course lacks in two things. They stress more on math and theory. I would suggest additional videos explaining the implementation in matlab would be helpful and would throw more insight to the maths. Second there is no programming assignments, so its a little easy kind of. If the instructor or the TA would help out in giving the assignments and implementation in matlab, then it will be one of the ever-lasting courses",Negative,Neutral,0.48967049451986566
"it is good , but some items needs to be illustrated in more details , a great thing of this course is that it gives a lot of practice exercises",Neutral,Positive,0.55464920172508
"The content was too basic, but good",Positive,Neutral,0.5996678724876577
"if you are looking for a killer course on this topic , then this course will disappoint you .best suited for very beginner and some refresher for the older guys .",Neutral,Positive,0.6924009370626809
"The course content is very valuable to any digital marketing practitioner, but the reason I am rating it as 4/5 is that there was basically no ""In practice"" part. All assignments were along the lines of ""discuss this,"" which might be OK to make us think, but analytics is so much about doing I missed having a chunk of data thrown at me to see what I can find.",Positive,Neutral,0.458004063830942
"Good introductory course. It would have been nice to see some more deep mathematical demonstrations of the formulas, at least as optional videos.",Neutral,Positive,0.5657295655296659
"I have mixed feelings about this course. On one hand, scope is ambitious and getting to attend a course by G Hinton is a luxury. On the other hand, some topics are addressed confusingly (e.g. Hopfield Nets) or without going into much detail. But I think the worst of this course, and I wish Coursera would take care of that, is some quizzes being completely broken (missing or incorrect data), forcing you to go to Forums to get the correct question.There are big gaps of data and no course biography to follow or complete the missing gaps (lecture resources, when available, is just papers on the topic). Also, the course would benefit from better programming exercises... as it stands it is just ""download a program, complete a couple of methods, fill in the gaps on a quiz""",Neutral,Negative,0.5348782406001369
"This was a well structured course even though it wasn't exactly clear that it was about educators in the first place. The introductory videos on every week were very clever and on point. Loved the instructors and the whole team behind this course. However, the final assignment's grading is unacceptable. I cannot stress out how important it is to justify each score given, especially the lower ones. The final assignment did not have this, and as a consequence, when the final grade was in, low or high, you cannot know why, and fix your mistakes in the future. Some people were kind enough to leave comments on the comment section below, explaining everything, however, this should be the case for everyone's review. After all, it is a paid course.",Positive,Neutral,0.37946137553526016
"Material is really interesting and helpful, but a lot of bugs in video productions.",Negative,Positive,0.6089456655670139
Good content but badly structured,Positive,Neutral,0.5959318317534948
Some calc and formulas are not clear otherwise the course allowed to have a general overview on financial instruments and trades,Negative,Positive,0.46124390174795404
Good content for Data Scientists but video lessons are not sufficient to be able to complete the assignments. It required great deal of own searching and trials and errors to complete the course.,Neutral,Positive,0.40991513601834534
A good overview of the landscape of of IOT.,Neutral,Positive,0.6164415654616044
The professor is animated and clearly loves her subject. I don't think we need to stop so frequently to ask a quiz question though. It's best to keep going on one subject without interruption.,Neutral,Positive,0.5972160643119339
Course is interesting but the quality of the videos sometimes not very good,Positive,Neutral,0.6804512444949546
"The course content is not up to date. The course software tools updated 3 years ago, and the second part of the course does not cover in the same depth the topics it aims to cover.",Neutral,Negative,0.5024335433635537
"I really do not like the R language, I think it is sloppy and inconsistent. This class did ok teaching the basics of R, but it did not do anything toward teaching testing of R code (a key part of writing code!), best practices for modularization and factoring, and so on. In other words, it teaches you how to write R code that kind of works, but does not teach you how to write good code in R.",Neutral,Negative,0.5176422984267608
"It's a good introduction, but more optional hadoop exercises can be added.",Neutral,Positive,0.5180030028967522
Informative but there were less videos shown specially on real time situations.,Positive,Neutral,0.4296648505145848
"The course are fantastic but 3 month HARD WORKING to earn a ""cheap"" certificate that looks false :( I cannot present it to my company",Negative,Positive,0.527023979368943
The course contains some fundamental concepts of machine learning. It is not very hard to accomplish the course.,Positive,Negative,0.5644963788682029
"Was a little uncertain at first but after completing week 1 I have become comfortable with the quirky style of the course. I wasn't game to try the quizzes until I had downloaded the book on my iPad and read chapter six, glad I did and will use this as my weekly process.Enjoying this course very much. Week 2 quizzes were more testing, took three attempts at both quiz 3 and quiz 4 even though I passed on first attempt: 4 out of 6 / 4 out of 6; 4 out of 6 / 4 out of 6; 5 out of 6 / 6 out of 6. I like the dialogue format and that the language style is in modern conversational English. Socrates guy is hard to please, but he still forces us to think after 2,000 years. Pity the Greeks don't have him around today, their economy might be in better shape. The dentist at our local shopping centre is called Socrates but I don't believe they are related.",Positive,Neutral,0.38864269278728525
"Good material. The notes or transcripts were rather poorly done, making for a lot of editing to get the supplied text to a usable form. More interviews with outside experts would have been welcome. Case studies were informative and useful.",Positive,Neutral,0.3895147052310285
"It's very useful and interesting, but sometimes not very obvious statements are being discussed very briefly.",Positive,Neutral,0.48477580482131233
The lecturer was really great and was able to explain things enthusiastically and simply. Unfortunately I feel the level of the course is too low. I think the basis of calculus has to come from rigorous definitions of the concepts involved and firm understanding of the proofs. Hopefully I will get some of that in your Calculus Two course.,Neutral,Positive,0.5444675977434126
Quizzes are not challenging enough,Neutral,Negative,0.5787361217473805
"Skills acquired when finishing this first course are very useful and applicable. However, lectures and assignments are almost unrelated. This course is nothing for people who are new to python.",Neutral,Positive,0.6326750386851518
i can't understand what he talk about. need a sub.,Negative,Positive,0.3807963071670406
Fantastic course well integrated in the overall specialization. Week 3 could eventually be split in two weeks as it is more demanding in terms of peer assessment and lecture.,Positive,Neutral,0.47411533417963464
Good content but would have preferred if it was more interactive. There is no way to discuss in detail and debate over a topic. I still have many questions unanswered and forum is very inactive. Wish there was a thread for each topic where people could just discuss their perspective. Overall good content but lack of interaction makes it incomplete in my opinion.,Positive,Neutral,0.6472502485725652
"I would have liked a few more / longer videos, but I really found the assignments helpful. I like how each one built off of each other, so the final project did not feel so overwhelming.",Positive,Neutral,0.5269325451221545
The teach and assignment are not in line in difficulty levels.,Positive,Negative,0.34364522231208844
"It does allow the purchase of a specific course within the specialization, the student has to subscribe to the all specialization even if they are only interested in one course only. Secondly the owner of this course should have allowed at the assignment to be submitted, because some people purchase a course only right after they have completed it.",Negative,Positive,0.39535692710940074
"Prof. Taylor's lectures were clear and easy to understand. The course taught the basics of planning pretty well.The teaching staff, unfortunately, was completely unavailable. The solution checkers for the Matlab assignments were very brittle and wasted a lot of students' time. There were several queries about the assignments on the Discussion forums most of which did not elicit any response from the teaching staff. The students ultimately figured it out by spending several laborious hours figuring out the peculiarities of the solution checkers, and by helping each other. This certainly soured my experience with the course.",Negative,Positive,0.44625988566264696
"This will be an excellent course for undergrads and high school students but not much in depth knowledge and learning strategy for higher levels of education.Teachers show mastery on their subject matter , though their presentation style is not genuine and naturally animated, to the point that it may feel boring.",Negative,Positive,0.519155636171104
Found it to be a bit outdated.,Neutral,Negative,0.44805028953133574
Good introduction for those that are not in HR.,Positive,Neutral,0.4758250121016115
Not for the basic student looking for information. Very detailed,Negative,Positive,0.39266289670102755
Could have been covered in 1-2 weeks.,Positive,Negative,0.4693017988752059
"A very good SQL course for beginners! The instructor answered questions in the forum. When there is not enough participants to do the peer review, the instructor rate the assignment by himself!",Positive,Negative,0.4766546874070118
A little bit too muchMaybe five week is better,Positive,Neutral,0.6155606453755784
It's hard to setting up development environment correctly,Positive,Neutral,0.3708693445749297
I didn't have the easiest time and spent a fair amount of time on the problems but I cannot say I didn't learn a pretty good amount.,Positive,Negative,0.3646397498477783
Great course. Like the slides and the way it structured. It could be broader if not so Google centralized and more international. For example in Russia there is Yandex.ru (ya.com) which controls 75% of search market and in China there is Baidu and others and no Google and Facebook. These questions is not highlighted in the course.,Positive,Negative,0.5760069840853401
A good introduction to data science.,Neutral,Positive,0.7855981986215251
Mostly common knowledge,Negative,Positive,0.5039336235487855
"good lectures and theory. I miss automatic code evaluation and more numpy data transformations. I suck at these and I was hoping this course would have more of the same kind of tasks as the first + plotting.Overall, good class as a starter point for plotting in pandas.",Positive,Neutral,0.5309609478633119
This course is much more informative than the previous two in my opinion. I liked the sample spreadsheets provided. I still however feel the price is a bit steep compared to other similar courses you can find online. The quizzes aren't that challenging and it may be nicer to expand the assignments to practice more.,Neutral,Positive,0.5705942972059275
"Very short lectures and easy assignments, but a good overview and starting point for further studies.",Neutral,Positive,0.63116361443085
"The course was informative and some of the material regarding databases will be useful towards my current job. However, I felt that in classes 3 and 4, Python was really an after thought. I believe I could have completed this course without ever taking the first two classes because the assignments only required slight modifications to existing code. I was more analyzing patterns rather then truly understanding the code. I would rather see the course continue to expand upon basic programing knowledge so that I can write the code by myself instead of seeking examples to cut/paste all the time.",Negative,Neutral,0.430492410925205
"I is not so difficult for a beginner, but I suggest it could be more information in the course.",Positive,Neutral,0.5371405842480161
Confusing assignment instructions were frustrating. The lack of response to questions was disappointing and stressful. I took the HCI course in 2014 that was precursor to this certificate program and it had a better flow and more organized.,Negative,Neutral,0.47565393879566575
The lectures are fairly good. However the course could have been made more valuable by either providing the slides used in each module or excerpts from the recommended book could have been provided instead of just an Amazon link to purchase the book.,Positive,Neutral,0.5292078347332105
"After years ,the math part of the course was difficult. Anyway, good course!",Neutral,Positive,0.7439727679531082
As good as Dino 101...just too short!,Positive,Neutral,0.36394436930531426
"To US centered. Would have expected international approach as Coursera should appeal to World. Also too theoretical, more graphs and formulas would help to understand. For example deman and supply functions. When there is cost function determining or demand in certain industry dependent on market structure. When Price or MR determines equilibrium between S and D etc. Too simplistic.",Neutral,Negative,0.5148947959501058
Some times the questions in the test were in my opinion irrelevant to the material.,Neutral,Positive,0.4175619032329215
Do you have an idea how lucky you are to have access to a course like this?! Normally you would have to be enrolled in med school.,Positive,Negative,0.475598131232091
"Interesting introduction to the topic, but some of the material is obsolete (for example, the web pricing module). Perhaps that can't be entirely avoided in the rapidly changing world of digital marketing, but it was a bit of a disappointment.",Positive,Neutral,0.5020304679088328
Student should be able to see results of test ( at least quiz 1 and 2) before we decide to purchase. Overall the course was easy to understand and follow. I look forward to taking to others in the series.,Neutral,Positive,0.8285925604893537
"Good course, however the questions in the quizes are the same as in the learning quizzes, this feels a bit too easy.",Positive,Neutral,0.6629405666732044
I don't know what is the problem as I study the videos well and when it come to taking quiz i never pass so I watch the videos over and aver again but it always the same resultthe part of other languages I'm not sure what is the point of it I mean does it help in English to know how to say for example hi in other languages plz if anyone passed the course . could u plz help me,Negative,Neutral,0.43341275224214176
"very fun introduction course. it doesn't take much time. however we don't go much in depth, just the concepts are given. The strategy to win at Nim is given as well, but no proof of it, not even as an extra, which is a bit disappointing because it was kind of being the highlight of the course. i guess we have to think by ourselves to understand why it works (or google it...)i was surprised to discover symbols such as up, down, star, ... and all those surreal numbers... the last lecture leaves us wanting more but alas the course is too short",Positive,Negative,0.4627798277719043
"Been waiting for a Unity course for a while and it's finally here!Too bad there is no free option, so I am just following it without any grades.",Positive,Negative,0.6873960825968524
If you are new in the learning of business model generation is a choice to start with. But if you already have some experiencie this course is very very basic.,Neutral,Positive,0.3895608469433874
Great course from a high level overview perspective. I was interested in a more technical course related to FHIR and it's application in the industry.,Neutral,Positive,0.8910745621403006
Not exactly for business use,Positive,Negative,0.48141602568528685
"i had no idea of swift, or even not much idea about oop. Got good idea of swift.. assignments can be improved.",Positive,Negative,0.5255508747707973
course was good but teaching material was not enough to complete the assignment,Positive,Neutral,0.5774669022707298
Good hands on course. The self built amplifier circuit feels like a hack but works around the voltage level issues adequately without the mezzanine board which was not available at the time the course was prepared.,Positive,Neutral,0.3840913783102171
"Week 4 was particularly tough to get through. Instructor seem uninterested, and the constant hair flipping was distracting. Videos came through blurry despite using ""high quality"" settings. There was a lot of code to get through that could have been better organized. On a few occasions, I had to back-track through the videos to find something I missed. And, in one area, instructor had to go back and fix something but didn't bother to provide guidance as to were to go and do this yourself. In the end, I gave up following along with the videos and built the app using my own research.",Negative,Neutral,0.4767166321536374
"So why four stars vs five stars, of all the Data Science Certification courses that I have taken: i) some of the examples and quiz challenges don't work as they should, ii) Machine Learning is rapidly changing area - should be updated to reflect this and perhaps a high level taste of Deep Learning, iii) posting the Final Project is overly complicated relative to methods of the other courses - this should be cleaned up - still not clear how point to a github repo link and also have a rendered html page working from that same link - requires two links to present materials and must use default names like index vs. a project name.",Positive,Neutral,0.47470455871615663
broad overview on,Negative,Positive,0.6484384353061973
"I had already done ""Algorithms: Design and Analysis Part 1"", so this course was not as good as that one.This course had lot of programming questions, which I find very good to have for any course. I just hope next courses of the specialization will be beneficial for my career.",Neutral,Positive,0.7500523666660234
"the course is really well organized but the mathematical skills are required for usual skip of steps by the teacher. if there are supplementary material, it would have been better!",Positive,Neutral,0.4585246827420317
"Some contents are overlapped, especially Lesson 7 feels like a recap of all previous lessons.Tool list is really helpful.Other examples could be written in more details.The narrative is easy to follow, reasonable pace of speech",Positive,Neutral,0.5445568473857272
Too complicated for those who are new to philosophy. The basic concepts not very clearly explained. It seems that teachers had the assumption that students already had some previous knowledge of philosophy.,Neutral,Negative,0.41766919697731814
"I really love the way Dr Chuck is teaching. It is incredibly clear and you never get bored even if each lecture is over 20 minutes long. After each lecture you do feel like you've become an expert in that topic.However, the course is very diluted.... Only 4-5 lectures over 7 weeks is too little content, especially if you are to pay the $79 required for certification. Each week contains a lot of videos that, although being interesting, are not directly relevant to the course. I finished the whole thing in 2 days ^^",Neutral,Positive,0.5082857066766473
You need to have deep knowledge in matlab to get pass the assignments. I have spent more time figuring out how the simulations are implemented that really learning about the target algorithm to implement.,Negative,Positive,0.6989841679741701
"short and sweet. The course is quite short but covers the true essentials of conflict resolution in a professional environment. the only reason why I did not give five stars: the concept of Active Listening, although mentioned all over the course is not really well explained.",Positive,Neutral,0.48418271747366204
"This good course; but I have none of those cards, as I can do to pay the course",Positive,Neutral,0.4104616225620815
Videos seemed disjointed. Assignments were marked inconsistently. Did not find the subject interesting but the course did give useful insights into the industry.,Negative,Neutral,0.5114171703860997
The course need more improvement in the case of videos and always updates,Negative,Positive,0.6404068637872742
"I liked the content of the course very much; the videos were all very clear, with nice examples & visualisations of those examples. However, the R labs included in this course were not very challenging; by following a list of steps you can complete them easily without learning much from them. Additionally, the R labs sometimes would not accept an answer as correct when it was a slightly different solution to the same problem.",Positive,Neutral,0.58887647148241
"Cheesy. If you mess up in your delivery, press the little button and start over! Needs some judicious editing.",Negative,Positive,0.4052997304340476
clear and good example but limited contents,Neutral,Positive,0.6038878442988375
"This course has some very distinct and informative material which was terrific for learning about writing for young readers. I particularly found Maria Gill's modules very informative, encouraging and well presented.What I found REALLY disheartening, was that we as students (who aren't qualified and at times, have questionable English literacy skills), were the ones who were given the task of assessing all of the assessments in this course. I was really hoping for feedback from the industry experienced course creators :( . The other thing that was frustrating is that 'word count' was a criteria. Some students were brutal in their grading because one was over the word count by a few words, so be aware of that, if you are going to undertake this 'course'.This is not so much a course which leads to some sort of exam or qualification (dictionary.cambridge.org) but an independent information acquirement experience.I learnt quite a lot about writing and publishing and would encourage you to do this course, as it does contain some great information and tips, just be aware that grading is based on newbies like us and sometimes the feedback can be a bit disheartening but just persevere and you will learn lots. These people really know what they are talking about.",Positive,Neutral,0.4764390394427978
"Helpful on a knowing america through other country's eye. However, I think the course would be more interesting if if could include more discussion about how all those country and US view each other now instead of focusing much of its content on history.",Positive,Neutral,0.6100247789354584
"The lecturer's style doesn't go with the nature of a MOOC. By using his book as the notes for lectures, he doesn't give himself a chance to prioritize content so it's kept clear in the exposition. His favorite word is uh-um. In a classroom (face-to-face) situation, the lecturer is likely to see and react to listeners' look of confusion; in a studio he is just talking to himself. He repeats points -- this can be good if done smoothly but it's very confusing when the lecturer is inarticulate, like the present case. It's really too bad because he clearly has a lot of knowledge that could be used to popularize thinking about the unwritten constitution.",Neutral,Negative,0.5328183245877501
"Compared to other courses in the specification, this course content is too shallow and brief.",Neutral,Negative,0.4966400600294856
"From my past experience, I know it’s not easy for people to take suggestions. But I still want to have a try this time.I had high hopes for this course, but I am quite disappointed. I think Dr. Peng needs to improve his teaching skills.1. Good teaching is clear, concise, and right to the point. So please slow down, speak. Don’t mumble.2. Programming is a practical skill. So the best method to learn programming is to use step-by-step demos. You can talk about a concept for 5 to 10 minutes but I still can’t get it. Use a demo and I can get it right away.3. Don’t just try to cover the materials so you think you have done the teaching, try to understand how your students learn and make sure they really get it.4. If you haven’t covered some concept, don’t assume your students will understand it by magic.A good teacher can make the learning experience effortless and fun, a poor teacher makes it like a torture.",Negative,Positive,0.6882006642039719
I think the assignment should be more difficult!,Positive,Neutral,0.4594055675730726
"Excellent course. It is probably less structured, than the University of Michigan course (by professor Siedel), but contains a few breakthrough insights that the Michigan course lacks - eg a more defined concept of a pie; a more structured approach to dividing this pie; the principle of ""never say no to a proposal, make the other side say no to your proposal instead"" etc.",Positive,Negative,0.41857625686775507
"The ask in the fist assignment was not formulated correctly. Felt the class needed more hands on learning. Although the lectures were clear and concise, going back to them really didn't help me with the assignments.",Negative,Neutral,0.46778288210686864
"Most of the content was already known to me, and in my opinion it scratches at most the surface. also it only contains round about a 100 minutes which is not that much.",Negative,Neutral,0.49760202673035037
Fair course. Explanations are good and materials are solid.,Neutral,Positive,0.8355085578769571
"There should have been more exercises on loops, especially definite ones. We had a couple of exercises on infinite loops but none on definite. Also, there should be a way to practice the code along with Chuck as he gives examples using a short & quick code for more practice. Something like a smaller version of the code tool could be right there along side the video. That would help. Thanks.",Positive,Neutral,0.5323115613289999
you can take the assignments only if you pay,Negative,Positive,0.48351331125767605
"It would have been nice to use more complex data analysis, as used in the second course of this specialization, in order to build the final model.",Positive,Neutral,0.5407430052056726
very difficult to follow the lectures due to the heavy accent,Negative,Neutral,0.45298849820980086
Too much formula based. Needs to be little more interesting.,Positive,Neutral,0.5305708495519788
Nice but basic.,Positive,Neutral,0.4990419319210259
Too short and easy.,Negative,Neutral,0.5929698816158245
"Pros:(1) Teachers know what they are talking.(2) They are energetic and funny.Cons:(1) The course uses proprietary and expensive tool.(2) The course is too simplistic.(3) The teachers, although they know what they are talking about, they aren't very good at teaching.",Neutral,Positive,0.4277536330947132
"If you no nothing about this topic, lectures are very good.",Positive,Negative,0.5012237980043232
Too easy for financial spreadsheets,Negative,Neutral,0.46478122371141956
It's very general information. The explanation movies are great.,Neutral,Positive,0.799056676058341
it had some useful tips on learning how to learn,Neutral,Positive,0.7063256749003767
After the first two courses this one seems to be much more difficult. Maybe some intermediate course is needed.,Positive,Negative,0.495517022537478
"a little propagandist, but interesting with that in mind",Negative,Positive,0.5711495190388243
Fairly good course. I wish the edge cases for some of the programming assignments had some more discussions. Needed some sifting through the forums while stuck.,Positive,Neutral,0.5273832874842068
"Important note: Opt for this course only if you plan to do the entire specialisation. It is developed solely for the specialisation and not as a standalone course. You will not learn much concepts or theories or practice any R programming here.In general this course was basic and good enough to get someone started for specialisation. The video lectures for setting up R, RStudio and Github account were helpful and very basic ( maybe coz I already had an github account).",Positive,Negative,0.4249620962371988
"I think the intention behind including this course was probably well meaning. I think it was a punishing course to get through for those of us who had no background in statistics, scientific studies, or programming. While I was able to fail my way forward through it, it was completely overwhelming, and overly painful. I really think the expectation should be set before students sign on to the specialization, as was I wonder how many students gave up on the whole Interaction Specialization after this course. Prof. Wobbrock was great, but I think there was a lot of vocabulary assumed to be known to us that just wasn't. I felt like I had been dropped down on Mars.",Negative,Positive,0.37735706962397764
Helpful and clear.I would like it more if it had more elaboration and practice on the presented tools.Thanks!,Neutral,Positive,0.8150734573899207
It was a very well presented description of what IoT is and specifics.It does not go into details that need special knowledge but it is also not boring for someone that comes from electrical - electronics field,Positive,Negative,0.5215522656758748
"I love the content overall. However, I'm very disappointed that there are no video lectures at all. Ironically, I could find some old video lectures of this course on YouTube. The difficulty of this course warrants video lectures to convey many concepts and techniques, such as the Fitch system.Hopefully you can add video lectures back to this course.",Neutral,Negative,0.5818811374758953
"The course topics are great and I have to admit that I learned a lot during this course. The provided materials are good, but in my opinion sometimes not enough to be able to answer some of the questions in the tests. I had to spend some time researching the web to work out some of the problems. This per se is definitely not bad (it rather resembles real life), but all the other courses I have taken on Coursera and other platforms provide enough material and/or explanations to be able to work out all the problems without needing to look it up somewhere else.The problem-solving issue also has to do, to a certain extent, with the formulation both of some questions and answers, which in some cases can be understood in different ways because a key word is missing or is wrong, usually prepositions. I am aware of the fact that the course creators are not native English speakers, but, when formulating questions and answers, they should take the time to check their formulations for grammar and correctness (I am sure there would be no mistakes if the course were in French :) ).I posted a couple of questions on the forums and, sadly, never received an answer. Neither from fellow students, nor from the course moderators. Certainly the fellow students do not have any obligation to reply to questions, and I usually would say the course moderators don't either. But I am paying for this certificate and I therefore expect some kind of support. I am sure the course moderators are very busy and do not have time to be browsing around the question forums every day, but so am I. And taking a look in the forums once a week or so wouldn't hurt. Let me also point out, that the 2 questions I posted are THE ONLY questions in the forums, so it's not as if the moderators would be overwhelmed by the amount of questions posted. After my second question, I knew I was all by myself. From other courses I know that course moderators chime in once in a while on questions that have not been answered by fellow students and when no fellow student seems to be able to find or provide a correct answer.The course is good, and you will learn a lot. If it weren't for the lack of support in the forums, I would give it 4 or maybe even 5 stars, depending on the responses I would receive.Either way, enjoy the course!! I really did, even if it may not sound like it :)",Neutral,Negative,0.5258174739466878
very watered down,Negative,Positive,0.6111904548457998
Great course material for casual study. This class is not at all demanding but has a lot of useful materials that we can apply in our life. The quiz questions are too simple and obvious but I guess that is not the purpose of this course :),Positive,Negative,0.4526728415165066
I wish that the videos were longer.,Neutral,Positive,0.4910645014608055
"The main reason for my rating is because the course is so ""loose"" on what your are supposed to achieve incrementally every week that it can lead to some hard situations.Just to give my example: the first week was piece of cake and I didn't feel like it really contribute for the following weeks. Then, I was struggling with the suggested library (tm) until I got support through the discussion forums and someone suggested me to use quanteda.Then thinks started to run smoothly, or so I thought. When implementing the language model (which, at first, I thought was supposed to be KBO), I got stuck for a long period. Not because my model was wrong (I was able to implement it and to check it against some hand-written and proved examples - which I should probably thank again), but because I was not able to make it run efficiently enough for the given constraints.Being stuck in this stage for longer than I wanted, I had to sacrifice another important steps of data analysis pipeline in order to not jeopardize my final delivery by not meeting the final due date. I know that this is exactly what will happen in the ""real"" life, but I think that some better guidance could guarantee the students spent a more even amount of time in across all steps.All things considered, I think the Capstone was really interesting and likely took more than the 4-9 hours per week, but most of this is probably because of the problems I faced.I believe that with a better guidance on the paths to follow or maybe some suggested libraries to use, a lot of ""noise"" (useless difficulty) could be removed and this course would definitely get more starts.",Neutral,Negative,0.5758129696035935
"general and shallow, not very informative, could be inspirational for those haven't cooked in a long time. recipe are at the end of course.",Negative,Neutral,0.5593462995250863
"This course provides a good understanding of the DT steps with concrete application examples. However, it requires additional readings to be able to apply this learning",Neutral,Positive,0.8144337090298158
Some key pont from the test are not that clear coming from de presentation.,Positive,Neutral,0.49648017121426563
"the course and the lessons are really interesting and the professor is explaining really well. Especially nice are all the videos demonstrating what have been done so far.Problem are the assignments:-all the assignments are about controlling a quadrotor, but a matlab code 95% done is already provided and most of the times the only thing requested is to spend days in find (randomly) the correct values for the controller gains;-the last assignment is again partly about (randomly) looking for gain values and partly about generating a trajectory as a piecewise 7th order polynomial, where the method for creating such thing is only mentioned in the assignment pdf and with wrong conditions. Even with the correct conditions, with a previous knowledge of numerical methods you can go through it, but otherwise it takes quite some time;-the grade is not set properly.. you either take 0points or the maximum, meaning that for just passing the assignment you have the same difficulty as getting full marks.. if you arrive (after days of trial and error) to the point of passing the assignment, then you can easily get full grade with small changes.. which makes no sense;-the explanatory pdf for the assignments or the provided codes some times contain errors, and I don't understand why they are not fixed considering that this course is already the second time that was provided;-the assignments are fully based on matlab and to actually understand something it is required quite a deep knowledge of how to use it.. I work daily with matlab and had some difficulties in following what it is done. If somebody is new to matlab, it will be quite difficult to do even the easier tasks;-the evaluation function for the last assignment is extremely slow.. it took me 40minutes to evaluate the results.. and considering the many iterations usually required for (randomly) finding the gains this really doesn't help.Summarising I am quite happy about this course and glad to have done it, but please fix the many problems in the assignments. I have taken many courses online in different platforms and this was so far the most time consuming one..",Neutral,Negative,0.5301582673319254
"Course assignments have nothing to do with the lectures. Most of the assignments could have been copy-pasted stuff from the previous course in this specialization. Same as with previous course - review point organization leaves too many space for individual opinions. Assignment with a video clip is something I didn't expect at all. I had to download a bunch of free software to make it, and I didn't make it good enough, because I'm not skilled in using those programs. Of course, it then reflected my average score, because review point system is too much oriented toward personal opinions of others. I felt this course gave me the least out of this specialization, and I also felt this course scratched a lot of things, but didn't quite get into many details that could have been mentioned (maybe even instead of the assignments that were quite dull to me). There is a section of clips that is a bit useless to those outside of USA. Unlike previous course, this one was at least doable inside the expected work hours / week (except for the video assignment which took me a bit more), and that's why I'll give it 1 point higher than previous course.This review might sound a bit harsh, even though it's not the intention. With a bit of polishing, it could become really great, but it really could use some of the improvements I have mentioned above.",Positive,Negative,0.49276877120116314
"Interesting course, but recommended only for beginners.",Neutral,Positive,0.656143824764988
"The exploratory part was very good. But, PCA was a waste of time.",Positive,Negative,0.44550015449155145
Very slow paced. I appreciate that it is bringing me up to speed for the next courses but I found the learning pace to be a bit slow with very simple test assignments.The practical code implementation assignments were great. I found they were an effective way to learn,Neutral,Positive,0.6405932014970391
I was a really good course. However some of the assignment tasks could have been a bit more complex (For example week 4).,Positive,Neutral,0.5771658599326669
"In some weeks only about an hour of input where several topics have already been covered in R Programming. That's very little value for money.The final course project again feels like it's done in a rush and without another review: The submitted dataset should be automatically checked. It's simply impossible to derive from it whether the student did everything right, but it could be easily done programmatically. Some of the questions have wording and grammar issues that make it hard to understand. Also there is slightly contradicting instructions between the task and review description.",Neutral,Negative,0.5064596940261378
"This is an amazing, interesting course! I never thought that learning about Hitler and the origins of the Holocaust would become an interest, but it's really great! And the teacher/professor explains it so well!",Neutral,Positive,0.9844031416661196
"This is nice, few interesting ideas and tips. I was hoping for more advanced things, to learn a bit more and for less ads during these lessons. Anyway many thanks for putting this together!",Neutral,Positive,0.7920042575038917
Arguments that sound very unconvincing and unscientific.,Negative,Positive,0.6760372495694889
"Topics covered are great, but there is a lack of assignments to be done by students completely on themselves.",Positive,Neutral,0.47999861786153086
"Very Good Course, but 3rd lesson was incomplete and the missing section was not addressed by coursera.",Positive,Neutral,0.4745989205213868
Prefer more challenging course on this topic.,Neutral,Positive,0.7267982476972639
"Very, very high altitude introduction presented in a seemingly confused way with a lot of product placement.",Negative,Positive,0.4589100816724277
Not much content,Negative,Neutral,0.500786688137904
"Good lecture, good material, but the peer review part is sucks...",Positive,Neutral,0.5567637939141208
"The course really isn't that useful for day to day management decision making. It might be more useful for those who look solely at long term data and make choices ""at a distance"" so to speak. Very heavy focus on charts and graphs....so there's a lot to it but very little you can sink your teeth into unless you have a very specific type of management in mind.",Negative,Positive,0.4701656941699797
"The course uses proprietary tools for machine learning and data manipulation, making it effectively useless! However, the material on describing the machine learning algorithms were excellent!",Negative,Positive,0.8133778183634146
"The course was good enough...but exercises were very simple. Only the final course was little bit challenging. For a guy that sits in IT business for a while it's rather too simple. Besides, I've learned spark basics which is super cool...so thanks for thatMaybe you could consider to build docker image instead of using virtual machines. VM is ok, but I think that docker can simplify all the stuff without necessary downloading, installations etc.Looking forward to the next spark challenges :)",Neutral,Positive,0.6049262746842535
Very hard to follow. Needs to clarify more on it's work.,Negative,Neutral,0.47740126399843996
"A lot of talking, little content.",Negative,Neutral,0.48644150402787834
Is a little basic introduction to InfoSEC but is nice a good to start.,Neutral,Positive,0.6725518008881728
When the quizzes are reviewed the answers for True False questions should be explained both why the answer was true and why it wasn't false.,Positive,Neutral,0.4125706647007571
"Too bad for the price, since I'm a student it's quite expensive at the moment. Other than that, now using excel has never been easier!",Positive,Negative,0.3971864461169291
i dont know why quizzes are locked even though I'm enrolled in this course and already done watching all videos in it.,Negative,Positive,0.5353517190791726
"A bit basic/slow to start with. Covers fundamentals very well, and the textbook is excellent.Some of the slides are hard to read - the white text on fluorescent green particularly!",Neutral,Positive,0.7388659069178162
"The information, videos, links additional reading do provide important information. However this course is aimed at teachers and that is not clear from the title and much less with the small amount of articles that are related to teaching. This course also has lots of issues with its quizzes; getting no support from staff on technical matters or feed back on why a true or false questions is always wrong.",Neutral,Negative,0.4774457494651018
"I would not take this class as a stand alone course, but am excited about what it may be setting up for the classes to follow. The instruction in this course was pretty basic and not difficult in the least.",Positive,Negative,0.5430774612484418
"The course itself was well designed and presented, however, there was sometimes too much information included in each sentence for someone who was unfamiliar with the topic. I had to watch several of the videos more than twice in order to note down and clarify the information that was presented. Also, some of the quizzes included information that was briefly mentioned in the videos but not clearly elaborated resulting in some confusion when it was time to complete the evaluation.",Positive,Neutral,0.5918742860584558
"Very good course, I enjoyed it very much and appreciated the educated and polite style of Prof. Jeffrey Sachs. I would have appreciated a copy of the figures and grafique shown. The course release in 2012 would need to be updated. The Quizz need a real involvement of the student to be completed; challenging but I personnaly appreaciated very much. The Quizz would need some profound revision since some links are not available anymore and some answer are simply wrong. A Statement from the Columbia University / Prof. J. Sachs would have been welcome since completing the 14 week course imply a real involvement from the student. Overall very appreciated course, Thank Prof. Sachs!",Neutral,Positive,0.5667707815742361
"It's OK. the lectures are good. The book needs updating, and more exercises would be helpful to practice what we learned in class.",Neutral,Positive,0.48661479498607924
Very good course nice practical approach. I was kind of surprised that hierarchical clustering was kept at the end and discussed only marginally since it is a widely used approach.I liked the part about LDA but IMHO I would have liked more discussion about fundamental techniques rather than such an advanced method.Too focus on text data. Most of the application I worked on have limited textual data.,Positive,Neutral,0.5406130213095759
"Repeated the same view,too much time. I think it better to teach more about methods. All the worth is in the summary back of each unit, you even need not to have the course.",Neutral,Negative,0.5213446144130592
"The course is well structured and Prof Muppala presents it in an interesting way. The range of technology covered was good and would be useful. The CapStone Project timelines are not realistic at all - one has to start implementing almost from the word go, the artificial interim reports are distracting if one does not realize that and I think many students are forced to a second session to complete the course.",Neutral,Negative,0.42004047195118677
"Too many theory and reading from lecture slides. It would be way much better if some examples were included. Quizzes could include some more questions, too.",Negative,Neutral,0.5870678855285036
"Overall course was good. I think there is a bit of a gap in terms of helping providing additional understanding of application of some the concepts in context of a solution. I think the course does a good job explaining the concept, but I feel the course could use some additional examples of application of the concepts to help facilitate the programming assignments. The Swirl exercise are good...but almost seem to rudimentary.",Positive,Neutral,0.6545597825852382
"A good intro to the tools required for a Data Scientist. However, could cover the usage of the terminal and Rstudio better.",Negative,Positive,0.7059159817632009
"Prof Rob Stone is a very good speaker and has made the videos very informative.The content is very small, which is good because it makes the course very lean, but bad because it merely scratches the surface of project management world.",Neutral,Positive,0.5712010523311485
Good basic course.,Positive,Neutral,0.5144142361436194
Wharton's online MD can not have a course so poorly develop (lectures vs quiz vs material),Neutral,Negative,0.5769209278192773
"Although this course holds quite a lot of information, it is quite slow in the way the information is transmitted and unfortunately, the presenter did not 'made homework' in terms of preparing what to say. In addition to the lagging of 'so, anyways, uhmm...' or just silence, many of the videos are also quite low in quality - especially sound due to bad microphone.Overall the information was interesting and useful, and I'm looking for Part II.",Negative,Neutral,0.5226360582221435
but more depth is required,Positive,Neutral,0.4813302477095683
"very well organized, good teacher, good projects. PCA and SVD are pretty hard to understand for who is not in the field (statistics), but no evaluation on this topic.",Positive,Negative,0.42096602660276616
"This course is very beneficial to people who are not usually active, but if you are an active person then you'll probably learn about measuring your physical activity. Otherwise it is very very very very easy, like if you had to fail that would just be sad",Positive,Neutral,0.40063556830773406
I think your home assignments should be more difficult.,Neutral,Positive,0.53208615763228
There are some ideas expressed in video that I found helpful. The assignments were very helpful as I was able to prepare for the 1st day of teaching.,Neutral,Positive,0.7217144821698935
the code shown in the video was not clear enough in some modules. Topics were explained in easy and understandable manner,Positive,Neutral,0.6083325912232939
Subject matter was well presented except too many stops to push his book.,Neutral,Negative,0.47006071372096836
"Was not very challenging, I was looking for more detailed discussions. Good job",Positive,Neutral,0.46000043888453357
"Very interesting course. Fairly interactive. The structure could have been better to make it clear what we had learnt and give us more of a take away after each week and at the end. Although there were a lot of academic links each week, the course didn't explore the differing perspectives and ideas, it was more focussed on Barbara's own theories. Definitely a good introduction and great personal learning!",Positive,Neutral,0.49516009083448026
"A good introduction to the topics and concepts in the field of genomic data science in general as well as the other courses in this specialisation.I did this course close to the last (6th) being a professional in the Bioscience field for some time and so the first three 'weeks' I pretty much did in a couple of hours with close to full marks (not a boast but a statement: this course will give you the overview I accumulated in the real world; there is nothing esoteric or missing from this course).The final assessment I found a little quirky compared to the other courses I'd done being a comprehension style 'read a research paper + answer questions' rather than a 'enter the number of X given conditions Y applied to dataset Z' as many of the other course use. Still, celebrate diversity and all that...also I can't think of a better assessment for this entry level / background course.",Positive,Negative,0.42408582250496324
"Very helpful. But could be more interactive, more activities to do. Maybe include peer assessed tasks where we can create good questionnaire items by each topic. Lecturers are like frozen - no or very little emotions.",Positive,Neutral,0.4823436997434192
Could go into more detail and be harder.,Positive,Neutral,0.47413840514021033
"I think its good that its given reference material for further readings, but this shouldn't exonerate you from explaining the details of the language, if I wanted to learn swift from apple's documentation I would be there right now, not here, if I'm watching your course its because I expect to learn it here.",Neutral,Positive,0.403659678875611
"This course offers great background instruction on Machine Learning and I would give it 5 stars except for the following:First, there doesn't seem to be any moderation of the session discussions except for help from other students. This was worth a -2 star penalty. This and the lack of any review of linear algebra and vectorized solutions, I think, is giving some students the impression that they should be coding loops in their functions to build and solve ML models.Next, I am auditing the course, and this is the first course where I was not able to submit quizzes. Therefore, I can only guess at my solutions. This was worth a -1 star penalty.UPDATE: not being able to submit quizzes is a ""feature"" of the new Coursera platform. I never did get an answer from the discussion forums, but I see the same problem in other Coursera courses I am taking.However, I still think the course is worth taking, so I added back a star. This is the second ML course I have taken. The first was from Stanford ML course which was very specific to implementation in the Octave language. I got a lot more background information from this course, and I think it is well taught. Just wish there were more moderators that were actively watching the discussion list.",Neutral,Negative,0.4618831915516697
"I bit too complicated, as a lot of material placed within 4 weeks of ~15min videos.",Positive,Neutral,0.4286623282425005
"I liked the course, particularly the interactive part with peers. On the negative side, I find that the price of ~80 USD for the enrollment getting a certificate is a little bit too high for the 3 weeks online course. I think 30 or 40 for each course in the specialization would be a more reasonable price point.",Positive,Neutral,0.3997015003456656
"It was a little difficult grasping functions as I didn't have much programming background. The swirl practice modules were great but I wish they constructed some lessons that would build a function from top to bottom like we were asked to do in the programming assignments. The lectures, swirl practice modules, and quizzes were great but they all re-iterated the same basic information. I wanted to learn and practice building more functions by applying the basic information to do complex tasks.",Neutral,Positive,0.40673033720570173
"Good course, and the topics covered during the course sessions were very much enlightening.",Neutral,Positive,0.8230039373591918
"Some topics that were covered in this course were not explained in details and, in addition, there was no explanation of the theoretical aspects of the course (for instance, formulas transcript ).",Positive,Neutral,0.5594170295727635
Great course to get an introduction into the world of finance and it's multiple faces.,Neutral,Positive,0.9872143435280317
The video's could be more informative and longer,Positive,Neutral,0.529884048333019
"As a nonfinancial person, I liked that it is a good clear intro finance. However, I wished there was more reading content available on the site to go more into depth on the topics.",Positive,Neutral,0.6191665153634532
"I would have rated this course with 5 stars if it wasn't for the Autograder that marked the final assignment, which made that I didn't even get to pass the course, although, according to me and everyone I had contact with regarding this course, my code was correct! Everything else was very well done, and I congratulate Ms. van Lent on her course. I will be going on to the next course in this specialization, because all the autograders for the rest of it has been removed. Thank goodness!",Negative,Positive,0.5881670952551977
"Nice course, but a little ""light"" at times.What's great though is that there are no deadlines, which really enabled learning at my own pace whenever I had free time :)",Neutral,Positive,0.8053231039626142
Too many weeks - it's the biggest problem for me,Positive,Negative,0.38610707069523015
Good base to start building a site,Neutral,Positive,0.7800544201206052
Nice course but a but a bit hard when you have no programming skills. In fact I do have some programming skill and found it hard to follow. I would also add more exercise to do than Quizzes.,Positive,Neutral,0.5702232578235046
"I liked this course, but there is room for improvement.For the assignment where you list keywords and hashtags associated with your target audience using Social Mention, the keyword results are only as good as the search term you use. And there was not much guidance on how to determine that search term. For instance, my target market is comprised of sales and marketing managers in corporate and creative environments. What should I search for to find out what they are talking about? I truly don't know. I took a guess and completed the assignment, but it would be helpful to understand the strategy for using social mention successfully.Secondly, the IBM Blue Mix section did not work. I signed up (using my Coursera email) but never received a confirmation email. I checked my spam folder. I created a support ticket through IBM and received support emails, but never got the confirmation email. They re-sent it several times but it never came through. Viewing the discussions, I was not the only one this happened to. And I had stopped watching the videos because I thought I needed that access to finish the course. Getting that straightened out would be a huge improvement.",Neutral,Negative,0.5745253212901548
Not a very difficult one. but you definitely learn a lot from peer assessment.,Positive,Neutral,0.4320924352296134
"Sometimes is difficult to understand the concept behind Classification because some videos are more practical than theorical, I mean it could be better to start the video explaining some concepts and then show and explan some samples and theorical issues.Thanks.",Positive,Neutral,0.5718044498254424
"A good course, but a few slight errors and the lack of the last modules leave it at 4/5 stars.",Positive,Neutral,0.7172158837075272
"Nice course, would be nice to have more exercises and more elaborated, but fair enough!",Neutral,Positive,0.5038409912911077
Good course but its too short.,Positive,Neutral,0.6982329386344642
"A lot of the harder questions were unclear or not covered by the course. Many were passed onto ""look this up yourself"", which is fine, but sometimes a different approach resulted in a slightly different answer marked as wrong. The group_by stuff was especially tricky, as it was unlike its SQL counterpart and could have used a better example, eg with a function to split into quarters or group columns. Other than that, very interesting overall and very neat datasets. I would encourage having students check out kaggle.com for extra credit.",Positive,Neutral,0.42627462160252994
I don't know why I didn't get my certificate though I get the grade 92.,Positive,Negative,0.43575634597558865
"Although I've given 5 stars to the other classes of the specialization, I think this one beats the others in a big time.",Positive,Neutral,0.49274016088702116
"This course is nice but very lengthy videos and at one points i didn't understand some topics , quiz are pretty tough to solve .",Neutral,Negative,0.395050710774244
I hope it will involve statistics analysis in the capstone project. It is kind of bias to apply NLP knowledge and develop data product in the capstone project.,Negative,Positive,0.3665106792002399
A little too common sense.,Neutral,Negative,0.4286518927941871
to much math,Negative,Positive,0.4381276160131167
Found 1/5 of the content useful.,Neutral,Positive,0.5330744183598624
"The course content is good, although it is very ""USA centered"". It is very good for people with small experience in the professional market, no just the games area, but all areas.Casey is a great teacher, he makes boring stuff be less boring.The only negative point of the course are the assignments. Again, like in the previous course, the assignments are too subjective, too personal, hard to do and evaluate.Unlike last course (Game Design), I really recommend this one, useful stuff.",Positive,Neutral,0.48322312479111057
I find it very difficult to understand what the professor is saying.,Positive,Negative,0.5236870383831136
"Beginner course. Well designed, but not for advanced game developers.",Neutral,Positive,0.6097572443746574
"Personally not a big fan of Roger Peng's approach while teaching. The lessons get a bit confusing, and so does the questions from the quiz.Jeff Leek's approach is more calm and simple.Nevertheless, the course in general is really good.",Neutral,Negative,0.37351515114538414
Interesting but really introductive,Neutral,Positive,0.5442008753985305
Provides a very summary overview of a very important aspect of data analysis. Expected more!,Negative,Positive,0.7671467889216246
"Thank you for the course. I don't like the absolute assumption that mankind evolved from a non human life form. Natural selection and how it is discussed in this course is allright to do, but not to make scholarly assumptions as to how mankind came to be. The professor can clearly describe natural selection processes without the assumption that human evolution from supposed beings in a very scant fossil record is a proven fact. That is the only part of the course that I did not like. The constant assumption that evolution is correct takes a lot away from this course. My concern is that this assumption is taken because there seems to be no particular Creator in the Buddhist relgious tradition. That does not mean that evolution should be given additional weight. I do not consider it a hard science such as mathematics, physics, even climate change science is far more concrete than supposed human evolutionary origins. Professors should focus upon clearly explaining that evolution is a theory. Buddhism and Pschology are more concerned with the present and consciousness and what IS...not upon weak theories like evolution. I was disappointed with the Professors consistent referrral to Natural Selection as though there is no human control over what we are doing, no moral standard the religion helps to set us apart from the animal evolutionary view of humanity. It simply is not fact, not hard science. However, what we can observe and see is hard science, including the effects of Meditation upon our brains and this is a very positive part of the course and for Buddhism.",Positive,Negative,0.5513677691575017
"Hi, the prject was nice and at the end I learned some new things, but it didn't have people to provide any guide. In the videos it was said that personal from SwiftKey will be there as well as JHU teachers could provide some insights. It looked a bit like a phantom course",Neutral,Positive,0.48839118083430344
"Great content but dome speakers really need to be more involved... Some videos are perfect if you want to sleep...Also there was some mistakes in the programming assignments (more or less fixed now) and maybe a bit more details or example code would help. It was hard to make the assignments without extra help and many students had difficulties finding what to do, hopefully the forum was a real life saving tool.The MATLAB introduction is just ridiculous: you'll need 10x more knowledge of it to do the assignments. it's like taking your first driving lesson on Monday and do Indianapolis 500 on Tuesday...For someone like me that was not very familiar with this tool, I spend 90% of the time googling ""matlab doing this or that"" to find example code and making the code work instead of working on the algorithm itself.The tutorial in the Aerial Robotics is more complete.",Positive,Negative,0.44420424423733923
Interesting course however the website is very slow and can be hard to log into at times.,Positive,Neutral,0.557105492708331
detailed introduction but I feel sometimes the topic can be a little bit deeper.,Neutral,Positive,0.5882053411219941
Thanks for your course!,Neutral,Positive,0.9862318183471058
Deep learning session is a bit unclear in that it doesn't give a pratical example of how a simple Nueral network can be mapped to a deep-feature.,Positive,Neutral,0.37361998131563956
"Course moves very quickly, but material covered was good. Some complaints that the peer-graded assignments need an appeal process.",Positive,Neutral,0.5511917350653484
If you have a basic knowledge about HTML then this course is for you.,Positive,Neutral,0.39209264030418806
This course is super fast for beginner and i colder find the pause button. Great info but could've been delivered better.,Neutral,Positive,0.73508199778089
"I thought this course will be a bit more helpful, there were some good methods I learned like the pomodoro and other concepts I wan't aware of before. Dr. Terry Sejnowski might be very knowledgeable but he can't read a teleprompter and it makes his videos very hard to focus.Overall it was a good course",Neutral,Positive,0.6220783087188745
"Super basic, each week was only about 30 minutes of video lecture... but I think that was their goal? Bad form on coursera for making you pay to submit assignments that are autograded to begin with.",Neutral,Negative,0.6612371840600728
"This was an interesting course that covered many subjects on the surface but with an emphasis on key parameters that have to be monitored and focused on to improve performance. However, I was hoping more from the last part on solving conflict. A few real examples of conflict with a brief analysis on their causes and possible solutions could have helped us (the students) to develop strategies of our own. Instead the last part is more like a study of the different types of conflicts and general methods.",Positive,Neutral,0.5478570612351366
Good overview. Needs to include more hands on development. 1 star because Coursera wont let me take the capstone even after completing all four pre-requisite classes (this one is the fourth).,Negative,Positive,0.4577308665105016
Indept videos and materials should be provided for this course. The lectures are not enough to understand the Statistics involved in data science.,Neutral,Negative,0.5124382643636212
It's ok. Reading the top three books on time management would take less time and provide far more insight and inspiration.,Negative,Neutral,0.534067979212629
"The teacher is amazing, and the content is interesting and makes me want to pursue Law. However the classmates are extremely aggregating and track you down to give you low scores in order that they themselves may succeed. I cannot explore my interests with this sort of setting.",Negative,Positive,0.699001861151164
it was very interesting but more hands on will be better.,Positive,Neutral,0.5404605095587104
It was interesting: you get information on learning techniques. But don't expect a miracle: learning does require work and time.,Positive,Neutral,0.5689132695842025
The instructor is really makes the topic boring. I would also like to see more examples of real world application.,Neutral,Positive,0.45471295813508256
"I must say that the information on writing in the course was good, and the example of sanding, giving a critique etc. was very useful to me as a writer just putting her work into the world. I was extremely disappointed that after laboring through 3 long stories, only one formatted in the way the course specified, and trying to write at least one page of comments on each that what I got in return was on good critique and two that were only two lines long. I was on scholarship so I did not pay for the course but it was disappointing that there was no moderation of the peer review side of the homework.",Neutral,Negative,0.5384000572051759
"The course offers just a simple running of (interesting and useful) code, but doesn't put the student in the situation of thinking and creating ideas and code.",Negative,Positive,0.6198247613926205
"Good introduction to business metrics. I was less enthusiastic about all the investment metrics and formulas, but that might just be me.",Neutral,Positive,0.7625441464542315
"Ok, course is too good for me, I had some challanges with this one because of my fear factors and trying to apply the information in a relevant way. The content and instruction is more wonderful it's me that is not at this level yet.",Positive,Neutral,0.5541098823834348
Asked for more feedback for peers that found my final paper insufficient. Received nothing! Asked for guidance from staff. Received nothing! Excellent course with great content but I have issues with the evaluation process when peers and staff do not participate in the advertised methods of communicating their concerns with my work!,Negative,Positive,0.3867738868175969
water on the mill,Negative,Positive,0.6476705306517417
"Good videos but strucural info and help. Unfortunately , for me it wasn ́t very exciting or motivating and perhaps that is because of my own interests.",Neutral,Positive,0.6085890027385091
"This course is really hard, and I am having ALOT trouble understanding it. Overall, it is not one of the best courses I have taken.",Negative,Positive,0.9022519863958939
PDF Course (Like a school),Neutral,Positive,0.841174664048001
"This course provides great information. If you have taken any other basic nutrition courses, as I have, most of the information is review. I found the that info wasn't necessarily specific to children but could be applied to all individuals regarding healthy eating, choosing local/organic etc. Even if you don't have children and want to learn more about healthy eating, this course would be beneficial for you.",Positive,Neutral,0.508279800769536
I expected something else.,Negative,Neutral,0.43453684563078443
Not so good Lack of interest and practicability,Negative,Neutral,0.502532100305163
"Good course to start with the basics of photography. Group assessments can be hit or miss given varied experiences of other students, but overall a good place to start",Neutral,Positive,0.614189165928078
"I get this course since I really want to learn on boosting. However, I think the course pace is too fast and should be include more 'non-greece symbol'. I have a background in biostatistic and epidemiology but I'm still having a hard time understanding lecture. I would say that this course is the most difficult among this specialization (practical machine learning is much easier than this). I bet many students will have a problem in this course since it's a 'beginner' level specialization.My suggestion is to 'slow down' , expand the lecture with more drawing/picture explanation, more r coding and get rid of those greece-symbol as much as possible.",Negative,Positive,0.4692684733975625
New technologies are not explained in detail in a layperson's term.,Neutral,Positive,0.3389452772291247
"Well organised and presented, but the assignments need to be ""meatier"". There's almost no actual coding involved, very little scope to practice what we learned.",Positive,Negative,0.5459155294697732
"I can see a couple of problems in this course. How to access and change elements in a data frame (especially the use of loc and iloc) is not explained very well and I believe there is an error in the slides. The second thing is that I have found more powerful methods in pandas documentation, for example assign() or nlargest() and nsmallest(). This is not really a problem if one of the ""hidden"" purposes is to push students to actively search the docs for what they would like to do.Work load for the assignments is just fine in my opinion, not too little, not too much.Overall I am satisfied.",Positive,Neutral,0.4537569435550118
The teaching methods and pace were quite fine but it lacked a bit of media presentation pizzazz. It was definitely sufficient but could've been a little better production quality-wise. The professor had an amiable vibe and definitely seem to be a master of his field. I enjoyed it and plan to resume.,Positive,Neutral,0.49169341888033025
The lecture notes should be better organized.,Positive,Neutral,0.574226092369766
Better than most courses why? because you are forced to create things a feature i have not seen in many MOOC's. Yes there is the ocassional programming assignment (mostly consisting of prewritten code and clear rules) in which you get to create something but that is not really creating something new. That's what you are stimulated to do in this course.,Positive,Negative,0.43709530346911996
"I didn't like how there was no interaction with the other classmates or there was no easy way to comment, but I loved the way it was so interactive",Neutral,Positive,0.4191317148023873
For a practice course I found that was full of theory,Negative,Positive,0.7790905184998443
"The course is awsome to get motivation and quite informative. However it teaches lot of practical concepts using Tableau which is a commercial software.Since these concepts entirely new to me. It take me a lot of time to understand videos and still I'm afraid I'll forget the things as soon as I leave it. I think some more practical activities should be introduce (on free platforms), to make knowledge more sustainable.",Neutral,Positive,0.7614215687004434
Mostly useful practical advice and examples on how to use Excel to model risks and realities. Week 3 was not very good as it was a quick overview of basic statistics which is incomprehensible if you have no previous knowledge and useless if you do.,Neutral,Negative,0.5420891713226703
"The material is good. However, there is no support from the instructors to answer our questions in the discussion forum.",Positive,Neutral,0.5446940252777943
"Short, simple and clear explanations. I only regret the course is not longer.",Positive,Neutral,0.42643981830825617
too much emphasis on acronyms. Not enough time spent on understanding the concepts,Positive,Negative,0.5382790513708746
"Ok course.When I am taking a course from Wharton school, and from adult learning perspective, more is expected than simply small lectures and few activities. Some areas that I see this may be improved...1) Latest evidence based support (few articles/papers) on achievement and satisfaction (Success both parameters). This is widely discussed field as subjective and objective career success.2) In addition to SAME - better instruments/scale those are easily available online.3) Some better links to career related articles from Harvard/California management review or organization dynamics on the topics covered.",Negative,Neutral,0.3841312432789775
pretty cool course,Neutral,Positive,0.9107618243018372
"Very simple. Almost too simple. Fortunately, this seems to be an intro course, as the next courses in the specialization are much more specific with better content.",Positive,Neutral,0.5140522236295403
Shame I didn't get to see the updated lessons..,Positive,Neutral,0.4057699894636329
"Quizes are inconsistent with given dataset. Questions are bad: i.e. what is the difference between ""number of distinct countries mentioned"" and ""number of countries mentioned in tweets"".",Negative,Positive,0.40944205960204494
Tuff but achievable,Positive,Neutral,0.44004045730168606
"Informative, but overall very short. Wish there was a couple more chapters",Positive,Neutral,0.5642229788362919
I enrolled for this course because of pure interest in android app development and didn't think I would complete it with my existing work schedule (happened to me on several earlier courses) BUT this course is made to be feasible for the busy/less motivated/slow (all apply to me). The material is well organized and sufficient for beginners. By the last date of the the course I DID complete all the lessons and assignments. It was a tremendous feeling and the credit goes to the course setup. The exemplar apps seem trivial during introduction of the course and you wonder if they are too simple for a wannabe app developer but as the course progresses its evident why you need to learn developing them. The instructors also explain alternate ways to achieve a result. The quizzes are challenging and drive you to know more on your own. Best 4 weeks spent on coursera.,Positive,Negative,0.4655399497925047
"The part of course from Prof. Sytch and Prof. DeRue was really interesting and important. But I cannot complete this course, because part of Dr. Alexander is impossible to listen. It is necessary all the time to separate useful information from enormous amount of information about her private life. Is it a course about private life of Dr. Alexander or about Managing Talent? And I am 30 years, not16. She is talking with us like we are small kids, and so she can keep our attention only by special voice and multiple stories her private life.",Negative,Positive,0.6906934715009879
Very basic and obvious things. It's not really useful for anyone older than high school student.,Negative,Neutral,0.38811541350520146
"Exercises in the course were very poor, simple and did not require coding, just changing one or two lines. But topic was interisting",Neutral,Negative,0.5717932413687881
Improvement over the first course. Most of the material did not require many references to the apple documentation in order to complete the assignments. Final project was comprehensive and built on previous work. A major flaw of this course is that it is not updated for the newest version of Swift. Many of the techniques and methods taught will not translate to Swift 3.0.,Positive,Negative,0.511681896153361
"Very interesting course but also very technical. I'd rather say it is not made for someone who has no basics in 'advanced' mathematics. Nevertheless, I have learnt many useful things and I have now a great outlook on the asset management world.",Neutral,Positive,0.5343080121168764
Got lost and left behind very quickly even after watching videos numerous times and doing additional research. There were videos missing even with deadlines approaching. Some videos were very well explained while others I didn't understand at all.,Negative,Positive,0.48827169908287166
The material was very interesting but the lecturers were often very difficult to understand.,Negative,Neutral,0.532569140492635
"Such a nice class.However, it does not cover some subjects in ap calculus bc",Positive,Neutral,0.4478698432625979
Basically i resume of economics concepts that can be taken for granted as a prerequisite of the course,Negative,Positive,0.6533160246807528
I hope this course can be more systematic in terms of the structure on the concepts and lecturers.,Negative,Neutral,0.35775141016080747
"Good enough for a free course offering very basic understanding of the topic. Lots of video errors, and sometimes the lecturer's speech isn't very smooth. Tests are poorly worded sometimes in ways that contradict the language used in the lectures, making them difficult to pass even with notes. I wouldn't pay for the certificate - if I were an employer I would not recognize this course as teaching any sort of proficiency.",Neutral,Negative,0.5597831593190356
"On one hand - basics. On the other, you may be lost in the last part of the course. You don't need to understand to complete assigements, but netherless - it's hard to understand if you do not have experience in embedded systems topic",Neutral,Negative,0.48263252075792484
I feel like 8 weeks was too short and the project was too rushed. But overall of good value.,Positive,Neutral,0.6156961913284645
"I enjoyed this course immensely! I was a bit hesitant due to its length, however, the content was usually manageable and mostly interesting. A couple of the weeks, the lectures are quite lengthy and dense while others were a bit dry. Also, I think the week about bacteria could use a little more explanation. I feel as though I didn't really understand those concepts until watching that week's as well as the next week's lectures. Finally, the quiz questions for the third to last week were a bit confusing and didn't match well to what the instructors actually said.",Positive,Neutral,0.4876429778917781
"The first couple of weeks were awesome - love Scala the language and the whole functional approach, and the detailed description of how the language actually fits together.Also love how the homework teaches you how to setup IDE, create unit tests, and submit actual code as homework - not just workbooks and multiple-choice quizzes like in some other courses.But why oh why was it necessary to go in specific detail over how to define natural numbers from first principles using classes, or spend a whole week on lists, etc? All that might be fine for general education in a university context, but as someone who does want to understand Scala, but from a perspective of getting cool things done - that bit was a total waste of time.Would be a better and shorter course if those 'didactic' bits were trimmed.",Neutral,Negative,0.4237702491809302
Course materials are well organized. It could be improved by adding more description.,Neutral,Positive,0.5101520067974151
"The course starts with a nice mathematical support. Midway it looses connection with mathematical details in a way that it becomes too vague and does not empower the student to really grasp the concepts. Some energy-based proofs and the few formulas presented are inserted a bit adhoc and not properly explained.Despite not being to my liking in terms of depth, It is a good course as a general understanding of what has been accomplished in robotic legged-locomotion, what the state of the art is and where to find literature.",Neutral,Negative,0.43851885314532657
"Sweet and short course. However, if you dont have Adobe Ilustrator nor plan to buy the Certification, it is a little bit too short and basic.",Negative,Neutral,0.5512214773934992
Provide more examples of Physics.,Positive,Neutral,0.4465123161325676
"I like it, but i feel that sometimes need more examples o dynamic",Positive,Neutral,0.5786444192132791
Videos could be bigger and reduce the echo in particular,Neutral,Positive,0.5309348995236148
"There are many parts of the lectures that are very quiet and even with my speakers turned to max, I struggled to hear, while other parts were clear. The course is interesting, but I doubt that anyone would pay to attend this course.",Negative,Positive,0.39445859441949144
like everyone said this is awesome course. I just want to mention several things it can improved.1. assignments are too easy such that you can not really learn much through finish it.2. this course contains fair amount of content but don't go much detail into each topic especially the final week class video. it could have contain much more detail about how to implement the code and the mechanism behind it. Unfortunately that part is missing so you can only get a very sketchy whole pic and in the end what you learned from that part is just some funky words.,Positive,Neutral,0.5118882878274408
I feel like there should be more teacher involvement within this course.,Negative,Neutral,0.47728196746408125
Good but a lot of technical parts all though they are discounted as not needed to know!,Positive,Neutral,0.5790801207310133
I did not think the instructors were very engaging. For the most part they read from slide decks that were also on the screen. There should be more visuals and discussion about what it is like to work in construction management.,Neutral,Negative,0.4437559050324619
"I had indeed to look for codecamp to practice all the small commands how to deal with vectors. Swirl does not allow you to follow up so clearly. I wish you guys could implement a little R interface so we can follow you closer.The last project quiz demands you a huge amount of time, if you do not have much experience. They could shorten a little the questions. I know that one takes to the other, but I only had time to finish the first and understand. Yes, perhaps I am not the best, but you are offering the course to people who are not born programmers.I think that it would benefit strongly from a clear distinction between how to deal with vectors, matrix, data.frame, etc. separately instead of the huge videos with bullet points of the potentialities. We need to practice more, I like theory and I know how important, but I dont think that I learn much from the lessons or quizzes how to code something like the last part. I dont think it build my knowledge until I understand how to create that script for week4. I had to look around in all the internet, buying books. Read more. Just my opinion. I think you guys could give small scripts or asking smaller tasks to lead people until they understand how to build that.Also has its positives, I really learnt great tips and technically I know a lot of R potential.",Neutral,Negative,0.42169556749079734
It's not an intro class. But you can practice a lot if you know something.,Neutral,Positive,0.5119715115732982
"By far to expansive for what you get. Anyway, thanks for the hint about swirl.",Negative,Positive,0.7341105155757712
More assignments would help us more,Positive,Neutral,0.5813044760319215
Great course to introduce you to basics of graphic design and basic design language.,Neutral,Positive,0.9131499358332976
"A lot of reading, but the course is pretty thorough. The quizzes are mostly just regurgitating information from the readings.",Positive,Neutral,0.49706773717372255
Very limited treatment of the subject.,Negative,Neutral,0.39518880397223005
"The course is good for introductory level. However, I would like to have more practice than just watching video and completing the quiz",Positive,Neutral,0.5586184500154203
No passion is on his lecture. There is only dryness and ethical superior pride through his theory.. Altruism without love is an empty vanity and well-designed commercial intention for selling his theory.,Negative,Positive,0.5244481969533784
Consider adding a programming assignment to the course curriculum. Please address content issues in a timely manner. Thank you.,Neutral,Positive,0.8665455493956108
"Excellent course content but very poorly designed quizzes. More clarity is needed in formulating questions, since different pages have different values for the same data sets (even on the same website such as the World Bank indicator datasets) and it will be difficult for students to get the right answers.",Negative,Positive,0.48319182188318016
Good course. But not too many useful ways.,Positive,Neutral,0.5222023872811447
Among my registered courses in the specialization this course is the one that should be invested with more effort from creators in order to give students more practical lessons. Regards.,Neutral,Positive,0.5665175614237669
"The assessment materials are not free? I mean it is totally make sense that charge for certificates. But you cannot finish your courses completely if you cannot access the quiz. And the charges are soooo unbearably high for college students. Still, the teaching is excellent.",Neutral,Negative,0.5005864781727499
"The course is great resource of information. The biggest drawback is the need of using Flash to view most of the lecture. This limited my ability to went through the course on time - I ""attend"" Coursera courses using my iPhone while commuting and it is not possible for this course.",Neutral,Positive,0.682365136567249
Too much material to get done in time frame given for full-time working parent.,Negative,Positive,0.500346974599522
"Perspicuous lectures, interesting and still not developed topic, effective professors",Positive,Neutral,0.5098168008519988
Grading rubric is too generic: If peers don't leave feedback then the student is left to draw assumptions from loosely-defined parameters.,Neutral,Negative,0.4623012815065407
Excellent Presentations! Answers for Quizzes are typically not provided in the lectures and extremely hard to find in the textbook or challenging to enter.,Positive,Negative,0.5981611932534074
Very basic and good course for,Positive,Neutral,0.5015201755963008
The course is great but there are some serious glitches happening in the Coursera platform that desperately need attention. I just went from showing that I did not pass the peer review section and in the next second was greeted by a big green Course Completion Certificate.,Positive,Negative,0.4147364166780557
"Challenging, but it gives a good idea on rprogramming, should be taken with other learning tools outside coursera",Neutral,Positive,0.7304413358231902
"Totally enjoyable. The videos are professional, varied and so informative. Comparing the quiz to some others , I found they were better formulated and less ambiguous.Personally I feel I learned an amazing amount in a short time span and bother the content and pace were stimulating! so bravo!This is the type of general knowledge everyone should have but probably 90 % only have a rough, inaccurate or no awareness whatsoever. This could be run even at the school level, it could stimulate future scientists.",Positive,Neutral,0.44993532484565757
"It was very dificul, i think yoou need to improve the example you give the the students and be more interactive",Neutral,Positive,0.4862776244280491
Hope recommend some more reading,Neutral,Positive,0.7760299517642109
"The course is easy to listen and comprehend, and all material is pretty practical. However, it is rather superficial. I myself maintain a healthy lifestyle, and I didn't learn almost anything new from it (i'd say, around 5% of the information was new to me). I expected more. On the other hand, it's a good course for people with weight&lifestyle problems to figure out first steps towards a healthier lifestyle.",Positive,Neutral,0.44210027399119245
"Excellent Lectures! Some hard programming assignments. No TA or instructor around on line. Not too many to discuss in course forum. Overall, not an easy course.",Positive,Negative,0.4008080662073506
"Interesting material, and good assignments. However this is no assistance when by TAs if you have questions, which is important since there is no feedback on assignments and hard to know where you went wrong.",Negative,Neutral,0.5427931141446101
"The course provides a solid structure on which to build academic essays. The content of the videos is generally good and seems appropriately targeted but the sample essays are disappointingly trivial (and not terribly well written). They seem more suited to young High School students rather than would-be college level writers.The big issue is in the peer assessment process which forms the centre of the practical experience in the course. There is a tremendous time lag apparent between essays being submitted and being reviewed. Mine took between 3 and 4 weeks to get through the process. This is obviously an issue for Coursera to address as it relates to the platform design rather than the course team but it is nevertheless frustrating.There is a big disconnect between the standards the instructors seem to expect and the assignments submitted. The vast majority of students clearly do not have English as a first language and for many writing an academic essay is really some way ahead of their current position. Perhaps more disturbing is that most of the (apparently) native English speakers seem not to have taken any notice of either the lectures or the peer grading rubrics.Despite the shortcomings in the peer review process the material is well presented and offers a strong framework around which students can build good effective essays.Once again, the lack of a forum in this course makes life unnecessarily difficult and frustrating and for me pushes my rating down from a low 4 to 3 stars.",Neutral,Negative,0.5097321171439225
"Perfect for Calculus beginers. But the homework can be more harder, it's too easy.",Positive,Neutral,0.6789993704788756
"This course was required by my director, but it is not for those who have no background in law (which was the case for the group of us at CDC who were required to take this). It was very difficult to iuinderstand and I did not think it was a ""beginner's course for no",Negative,Neutral,0.48243166493048906
"Unclear assignments, lectures are brief and sometimes unclear. Spent more time trying to understand what was being asked than actually learning.",Negative,Neutral,0.4234481631120771
Not Very relevant and detailed as the previous course. The content is not as clear and simple as previous course,Neutral,Negative,0.3872746480052653
Its OK,Positive,Neutral,0.4671636250468015
"Assessment for the last half of the course was on stupid dates and small, boring, unimportant details.",Positive,Negative,0.4078556359167871
"This course is very basic and not intensive. Overall, it's good!",Positive,Neutral,0.5670192847796818
"Too much focus on remembering specific details and numbers, and too little focus on broader understanding.",Negative,Neutral,0.46651686579588464
Very simple overview of the UX process.,Neutral,Positive,0.6534932220598372
"Generally pretty well put together. There were more then a few times some of the videos probably should have been combined into one, so as to be less cluttered. Otherwise overall a pretty pleasant experience.",Positive,Neutral,0.6236501730464025
"It's not professional as that one created by Penn Uni. Named ""Pay attention "" which is unavailable now and I don't understand why has it been removed from Coursera?!!",Neutral,Negative,0.48650666314742297
"It's a good preview, but very little is actually learned here.",Neutral,Negative,0.4331582664658627
"It wasn't structured that well, Plus most of had to make a digital marketing report for the first time without even a sample of how industry experts expect to see when they look ata repot",Neutral,Negative,0.44500756099564776
"Some of the contents just seem overly complex, especially the videos. If they would do a few problems similar to those in the quizzes, it would be much more better.",Neutral,Negative,0.4821928485960113
"Though it is a nice introduction, I would have expect a more syntax learning lessons.",Neutral,Positive,0.5008628825946826
"As for information in course itself, it was interesting for me to enroll and to be part of the course.But I highly dislike that there was a feeling of that the lecturer is trying to remember any things right while the video goes. It is not a real class, it is a video and it could be done much more accurately. There were many many boring moments, while management itself is not a boring discipline, it is very interesting.Anyway I am glad I participated in the course.",Negative,Neutral,0.5239916125641588
"Audio quality is not great. Also, all concepts could be easily taught in Python rather than Matlab.Great material never the less.",Neutral,Positive,0.3816299108127162
"While the course was short and informative, more details regarding real life examples of the high valuation and PE deals we hear nowdays about mostly tech firms would have been a value addition.",Positive,Neutral,0.5257977725227972
Good introduction for people who have no prior programming background,Neutral,Positive,0.5081123130015118
"I understand that creating such a course is a tremendous amount of work. Let me congratulation the developers for all their hard work. I learned a lot. I'm glad I good the course, and I'm speechless that I finally finished it with a passing albeit imperfect score. This was the maiden voyage and it has some problems that should probably be corrected. That's my opinion.There were generally two sets of challenges with each assignment exercise (1) undemanding the scala/big-data component, and (2) understand what's being asked. Sometimes the comment in the code are wrong or misleading. In particular in the 2nd set of exercises. The functions are very poorly specified, and there are no unit tests. there should be one or the other. Without a specification the user cannot write his own tests. In addition the 2nd exercise is intended to be do-able, but not efficiently until the user views week 3's videos. Because of this the text output is EXTREMELY verbose, making it impossible to read the error messages and understand them. When the user finally submits the assignment it fails and the grader gives misleading error messages. A failing unit test should at the very least explain what the test was, what the measured value was, and what was expected. This is especially true when the user is forbidden from looking at the actual testing code. An additional problem with exercise 2, is that the student is asked to calculate a particular percentage, but it is not explained what this is a percentage OF and there are several ways to interpret it. I didn't realize until wasting 2 weeks that there was an alternate interpretation which I could try.In the 3rd exercise some of the comments in the code are wrong/misleading. Particularly with regard to classifiedColumns. comment #3 should read:* 3. other activities (leisure). These are the columns starting with “t02”, “t04”, “t06”, “t07”, “t08”, “t09”, “t10”, “t12”, “t13”, “t14”, “t15”, “t16” and “t18” BUT EXCLUDING those which are not part of the previous groups only. Otherwise the sentence is at best grammatically incorrect, and at worst misleading.Another significant issue with this ""Bit Data"" course is that it assumes a user understands data base and can construct sql queries. Well, such background is not a prerequisite, but the student needs such information to successfully finish the exercises. I can understand the temptation by the course developers to include a section on SQLspark, as this is a very powerful set of spark libraries, but I believe it is beyond the prerequisites. I could not have finished the course if I hadn't had an SQL/data-base expert in the same office, who I could pose questions to.I hope you find my comments useful.",Neutral,Negative,0.5404952287284385
The last two weeks felt rushed. The Binary Search Tree/AVL Tree module doesn't have a quiz or an assignment and it's easy to move on without fully understanding both data structures. This allows for wasting time on the last assignment which relies on understanding AVL trees. I recommend reading the external resources for each lesson and making sure you have a grasp of the data structure before moving to the next module.,Positive,Neutral,0.5053827513390748
"i generally think the course needs a lot of improvement as after week 1 the assignments and quizzes don't seem to relate to the course content. we are at very different levels so a more gentle easing and explanation of ideas is necessary other than this apparent quantum leap from one stage to the next. i have had to do a different course else where and i am getting the sort of good introduction into the R language, its not practical to expect everyone to understand the ideas in 4 weeks.programming is hard enough as it is.",Negative,Neutral,0.4846357663332562
"While the course was overall well developed, there are certain language challenges to overcome especially with understanding the wording of quizzes. I got a number of questions wrong simply because I could not understand the phrasing, and lack of explanations on quizzes makes for a lot of difficulty to evaluate progress. And I get the reason for not including answer explanations, at the same time I'm literally comparing answers to the module transcripts and could not possibly infer multiple choice answers based off how the topic was explained. I would suggest more definitive questions and reduce multiple choice questions or at least define the question in a more narrow, specified manner to minimize confusion. I'm taking this course for fun, I have an MBA and love strategy, so the topics are not new by any means, but if I can't understand what you're trying to say I would imagine non-business backgrounds would find the questions very difficult.",Positive,Negative,0.44772740943883405
"I am no used to this educational system so I find difficult to follow without any proof or demonstration of the mathematical tools. I find proofs necessary for a good understanding of concepts. Another benefit of proof will be to have a more rigorous framework for variable names in the explanations. Even though this is more a practical course, it will benefit from being a bit more rigorous ; so at least people can make proofs on they own.Other than that, it is a great course. Very practical and to the point.",Neutral,Positive,0.8725773852715132
Please add more non-medical examples,Positive,Neutral,0.4734671369099732
"I consider the assignment is not very useful. Network plot usually does not help much if you are researching dataset. Scatterplot, histogram can be much useful. Tableau? Sorry, can't afford it, why not excel? At least, almost anyone uses it. Not very practical one, but it does contains a lot of information in the course.",Neutral,Negative,0.5399682529889324
1) quite academic assignments which are hard from the 1st one and are very far from regular programmer's job2) very quiet voice/record made it really-really hard to listen the course in subway/metro,Neutral,Negative,0.48261014197785906
"The content is really good, well explained=> 5 stars, nothing to add.Why the 3 stars then ? Graphlab. If you use the pydata stack, as it is said to be possible in every assignments, you get stuck on the quizz due to variations on data and the algorithm used, so you can't really get quite the same answers.",Neutral,Positive,0.6185248077642785
It is more likely a microscopic level of mos description. For me i like to have a devise design perspective on the MOS components .,Negative,Positive,0.6234081485091107
I didn't find the speaker very engaging. And his habit of bringing the dog into the classes was supremely bizarre.,Neutral,Positive,0.5657354027794689
"The course was really good. They give you idea what's proper way to use business language. However, it's hard to get professional feedback from the peer-graded assignments.",Positive,Neutral,0.465787845475636
So basic Tableau explanations,Neutral,Negative,0.5269694949435446
"Some pretty interesting start based on mathematics, but too lengthy obvious advice for someone who gets the concept right away.",Neutral,Positive,0.44480041172043977
I don't see how the assignments would make me a more creative person. Some of the content was new and interesting but overall I din't think it was a good use of my time.,Negative,Positive,0.490079573501969
"Good course but it is quite long, it doesn't seem like an ""introduction"" at all. If you are interested you will need to invest a good amount of time but overall the course is worth it.",Positive,Neutral,0.5768171069468598
Too much law for non lawyers,Neutral,Negative,0.47964499561487933
"While the efforts of the coursemakers are greatly appreciated, much could be done to refine the quality of the course. Many materials have broken links and the lack of character entry for some practice problems poses an issue as pinyin with tones is rather hard to type.",Negative,Neutral,0.5002257171399097
"I do not understand why these courses over lap. I finished #2 today, tried to start #3 but found that I had 10 hours to complete the first weeks assignment? Who is in charge out there?",Positive,Negative,0.6584654623748744
It has a few missing conditions in some of quizs. So it spend more time to solve it. But it's still a good course to learn the basic of deep learning.,Positive,Neutral,0.5085315672794357
It was a good overview. I understand that it’s really just a quick intro into upcoming specialization courses. I wouldn’t take it alone. But I’m excited for the rest of the courses!,Neutral,Positive,0.5530507765360427
"This is very good and I would recommend it, but it is quite short compared to other Coursera courses that I have paid for. I think they should add more content for the price they are charging.",Positive,Negative,0.38608345292161544
As I feel basic courses should be open and free. (Whereas advance courses can be chargeable.) It is not worth the money to pay for basic course. It should at-least be open in Audit mode if it can't be made completely free,Positive,Negative,0.644042231346421
"Much of the course seemed to cover what was previously discussed. About the only thing this course did for me was to introduce me to In Design. The teacher was OK, but she seemed to lack enthusiasm, particularly when she was demonstrating the book-binding.",Positive,Neutral,0.4589002580218532
"It's more or less a repetition of what you've learned in all the courses, tying four peer-reviewed assignments together into a somewhat contrived ""project"". Not bad, but doesn't really add much value to the courses before.",Neutral,Negative,0.4759904590640201
"Great introduction to the various topics of the specialization. Introducing each of these topics in a generic way helps to get a sense of what they are about, and what to expect from the specialization. It might be a good idea to be explicit about the fact that this course really only has value added in conjunction with the other courses, and not really as a stand-alone module.",Positive,Negative,0.504899289937137
"You can find your object in this course, but this course is too platitude to make me feel boring...",Positive,Negative,0.49794994274791904
"It was good to get to work on an individual project at the end of the specialization. The requirements for the capstone were unclear as the videos present a huge project compared to the 4 weeks, 3-5 hours per week commitment indicated for this capstone and there is talk of self-sustainability for the solution etc. that ultimately is not in the review criteria.Applying common sense and scoping the project to the commitment does work out to a good learning by doing experience.",Positive,Negative,0.544171946579499
"I love taking courses by the California Institute of the Arts. With that being said this course wasn't the best. It seemed there was not enough information provided. The assignments were too simple. It also seemed like this very material was covered in an earlier course. At least it was available for everyone, not just those that paid. The critiques are the most important part and it was still provided for this course. For that reason alone I raised my review from 2 stars to 4.",Positive,Neutral,0.4429215781496371
"Good course when you want to get to know some basic mechanical physics. Examples are real world scenarios which makes everything much more relatable and exciting.Course has very little math in it so it's easier to follow for beginners. But if you want some math exercises and examples then you need to find some other course/book to help you.I think Louis hasn't visited the page for a while, because he hasn't given any comments in discussion forum for a while. There's some activity in the forum by community, but not the author of the course.",Positive,Neutral,0.4307933141688763
Course material is too small. More explanation and examples would be good.,Positive,Neutral,0.4648822742061726
Course is very interesting but i think the videos are very short. Better to make longer videos,Positive,Neutral,0.6545013786697284
"Machine learning is too simplified and spark part is not even explained, also very little relation of all course with Big Data.",Negative,Positive,0.4185661106171074
Very slow.,Negative,Neutral,0.4015051509924625
Good Work,Neutral,Positive,0.7783402479077032
"The most important part of this course is peer review IMHO. So, I put a lot of effort and consideration into the reviews I gave, trying to make them helpful, constructive and encouraging. But it was not very reciprocal. I DID get a few great reviews, very thoughtful, very constructive. But sometimes I only got two reviews instead of three, and usually the reviews gave no criticism. One review was a single word, ""nice."" I got a LOT more out of the other courses in this certificate. I was disappointed with this one.",Negative,Neutral,0.4240313583637434
"I like the course. I learned some nice ideas for parallel computations, not just Scala specific API.To polish: sometime lectures and tasks contain many complicated but not significant details. And some important ideas are not emphasized. I had to filter the content carefully.",Positive,Neutral,0.592486220597878
"no discussion forum and verified certificate, hence the 3 stars only. Prof Adelstein's analogies and video lectures are amazing otherwise",Neutral,Positive,0.4881116978481974
"Easiest accounting common sense. If you ever took acct , this will be a wasting of time.",Negative,Positive,0.5431475739515496
"I appreciate the effort of the professor and the University but I found this course extremely theoretical , research is a practical thing that a PR practitioner should know how to do, in practice. I understand that all courses should have an introduction and presentation of basic concepts but I don't see myself getting very far with this knowledge of research.",Negative,Positive,0.522807931945851
Weekly quizzes would be great!,Neutral,Positive,0.7111137115628312
It's so low that I can do nothing now after learning with every work in this course done.,Neutral,Positive,0.5545313684467091
after the second week I droped this course...I thought it will include excel and economics knowledge but was very wrong..,Neutral,Positive,0.5656123997725548
"This course is a very basic introduction, but I think it is an importa",Positive,Neutral,0.5633472797509952
"I just wish I could have gotten the certificate without paying, at least a Basic.",Positive,Negative,0.45256711551269996
"The production of this course could be much clearer and as such this is a very tedious course. The actual subject matter is good if you have some experience with JavaScript. The video is constantly switching between the professor and the code. As such, you'll find yourself constantly replaying certain parts to see what is typed. In some instances, the code is actually ""off-screen"". Is there really any value to seeing the professor (rather than just hearing)? The key information is in the code! Either leave the video on the code the entire time and run the audio for the teacher, or, add another window where the live code is visible the entire time. It's important that this is the live code. Simply providing the final product doesn't allow the novice user to see how it is built.",Neutral,Negative,0.5711375074531615
"I liked the course, however it was too basic.",Positive,Neutral,0.6163266464362052
"Some terminologies are confusing, like BCNF, more in-lecture examples are appriciated.",Positive,Neutral,0.6948942499216711
"The course is well structured and focused on the front-end as is the idea of the whole web design track. However, for a person with no previous knowledge of basic programming, the assignments would be hardly possible to complete or would require far more hours. The course is strictly focused on JS UI and DOM and should be probably preceded by another course covering javascript basics.",Neutral,Negative,0.5271022302179886
"Much better than the first course in the specialization.Too many dependencies on non-standard data formats, like MS Word.",Neutral,Negative,0.474733997454827
I have given an extra star for the free license software received.Didn't find the course as challenging as the Machine Learning course.The assignments need to be more challenging. Connecting to SQlite / GA Analytics dummy data can be added. Tableau with R session can be incorporated.,Neutral,Positive,0.45342291438970495
"It is very good at motivating undertake, but need much more to learn how.",Neutral,Positive,0.8603724636120466
more about the study of terrorism than about terrorism,Negative,Positive,0.7411450955768286
"While this course seems to have potential, there are many aspects of it that don't result in a great learning experience. The course resources comprise of videos and notes. The videos are informative but the notes are fairly lacking. Perhaps the biggest issue that I found with this course was the disconnect between the material covered in the videos and that which was tested on the quizzes. Often times the quiz questions were either painfully easy or worded in such a way that was not verifiable in any of the class resources. As a result, confusion occurred sometimes more often than true learning. A topic such as missing data is naturally very complex and I wouldn't expect a short course on Coursera to be able to adequately cover it. However, I do think that a lot more could be done to improve the value of this course even if that means changing the scope of the materials. Also, the lack of responsiveness to issues raised on the forum and issue-reporting buttons was a disappointment.",Negative,Neutral,0.5121099975245554
Very interesting subject . The only negative aspect is the sound (not loud enough) and lack of enthusiasm of the presenter.,Positive,Neutral,0.4047958756956963
I was expecting something more in depth for methods and functions on swift,Neutral,Negative,0.4449643945958005
"Should have talked about how German and other European industries used forced labour for their benefit. Siemens is still involved in lawsuits about this and is on the news now.Please also talk about IBM's involvement in helping Nazi's with punch cards to help organise the millions of jews and other races they murderedArt theft is something thats really interesting that was not touched upon. THe german govt is now providing subsidies to art owners who wish to examine the provenance of the art they own so that it can be returned to the heirs of the rightful ownersInvolvement of Swiss (while being neutral) in banking and financial support to Nazis and exploitation of Jews is something that missing here. Numbered accounts were created to help jews send their money abroad without being detected, but their heirs could never get the money back",Neutral,Negative,0.4331328910782943
some of the audio is difficult to understand at the firms,Positive,Neutral,0.501119842561309
"Course covers very brief outline of concepts in 3g/4g, wifi, bluetooth. Something kind of introductory course to newbies. But this course is not much useful as it lacks depth in each topic. Need some more advanced course.",Positive,Neutral,0.4681785283840833
"Great exercises. My only complaint is the last 2 weeks, the instructors weren't visual enough. They kept using hand gestures and not enough concrete visualizations of some of the steps. There were a lot of concrete visualizations for the big ideas... but not enough for all the different material and intermediary steps they were trying to teach.",Positive,Neutral,0.5422086397532496
"Was very good, but the titles of week 3 and 4 threw me off since I thought they would be seperate weeks, not the same one.",Positive,Negative,0.3996169017142742
interesting and not too easy,Positive,Neutral,0.5921150901233507
A nice introduction to Game Development. The content is great and it doesn't overextend to the point of scaring you off game dev. I would give this course 5 stars if it had a little more spice. Everything in the course felt too scripted. I would suggest doing some fun live sessions on the side or something to let us know we're not being taught by robots.,Positive,Neutral,0.5031553052887558
Amazing course.... but there should be some more assignments and little difficult quiz.... just little not much difficult,Positive,Neutral,0.7045878632724545
This course states that it is for people with no knowledge in SAS. I had to go online elsewhere to learn SAS before completing this course. There are free SAS tutorials on the SAS webpage - I highly recommend completing them before trying this course.,Negative,Positive,0.5952417325144753
Excersices! real excersices to really understand the theory.,Neutral,Positive,0.7445631660131682
A lot to say but I think I am not the one to judge,Positive,Neutral,0.4416690328532467
"I liked the course and the assignments. I felt that the assignments covered materials which weren't part of the course or not explained well enough. I managed to get through them, but it felt lacking.",Positive,Neutral,0.4531100412155195
Good course taught in an interesting and engaging way. Quite high level; I'm looking forward to diving deeper in to the subject int he upcoming courses. A few places where the assignments felt a little tedious.,Positive,Neutral,0.5017907102801951
A good beginning to a promising journey,Neutral,Positive,0.9430699368833914
"Very interesting subject. I was really wainting for a course like that but, with all due respect and aknowledgement to the instructors, their is many ways this course could have been an inspiring and exciting journey. Vincent",Negative,Positive,0.723999975613318
"It very short and brief. I was thinking it will also emphasise and help us to grow our communication skills for the 21st century communication, but it's just a brief explanation of some changes and nothing more.",Negative,Positive,0.44429627354312046
excellent course but should be more in depth,Neutral,Positive,0.719489860136778
"not a big fan of accounting honestly, but i quite enjoy the course. doesn't involve a lot of in-depth math, and its easy to follow.",Positive,Neutral,0.5120562894021061
Its learning curve is almost vertical.,Neutral,Positive,0.6212759101306613
"Could have more detail. This course feels rushed and skims over a lot of things without detailed explanation. The quizzes and peer assessments are poorly worded and confusing. Week 4 was excellent, Prof. Godefroid de Callatay's lectures about Magic in Islam were very well delivered and informative.",Negative,Positive,0.44169874234379775
"I need subtitles in spanish, content is good",Positive,Neutral,0.6386836265724952
The content is good but the delivery is not engaging or creative enough.,Negative,Neutral,0.5221322593745424
"It is not fine that the courses close like every 3 months, I do this project with my school and we have just 1 hour a week so I have to change every time my courses wich I do not like. I only like this course",Positive,Negative,0.5771876799562048
"The content was inconsistently delivered and the topics disorganized. The content was excellent, although a bit repetitive at the end.",Neutral,Positive,0.5425097165087496
Nice lecture. Needs to have more videos and more advanced tutorials,Positive,Neutral,0.5056738825026299
This class setting is interesting. You cannot participate in assignments and quizzes unless pay for certificate.,Negative,Neutral,0.4090239824041066
too easy for cs major.,Negative,Positive,0.5556740722455765
Even though I liked how the teacher conducted her course in a dinamic way with 4 participants I expected more from this course.,Neutral,Positive,0.7359684796563792
"the course, probably, was good, but it was presented in rather boring and slow manner, so in the end I completely lost interest, and was skipping through the lectures.If it could be done in more lively and engaging manner, it would have been great",Neutral,Negative,0.47198432571946763
Doing this course first doesn t make you anticipate how difficult could this speciality in the next courses :p,Neutral,Positive,0.5681856500978988
"Great, but needs more material to fill in the gaps. Could do with a little more on the advanced topics like trajectory generation. Definitely needs more motivational examples. Videos of the lab and demonstrations of the research relevant to this course (done by the course provider) would be great.",Positive,Neutral,0.6102913401879644
There was a lot of questions on the tests that were never covered in the videos.,Negative,Neutral,0.4339635884271523
Peers review is not that positive as people are not that fair.,Positive,Neutral,0.5068453660475916
"Some of the videos seem a little repetitive, but all in all it was a great overview of Graphic Design. T",Positive,Neutral,0.5126920464179205
"Too easy if you already know anything about github or Rstudio, although I do understand the need for an introductory course. The ""Experimental Design"" video was the only really useful part and contained quite entertaining examples.",Neutral,Positive,0.6294090798216422
Course Project is way outside of what was taught in class.,Negative,Positive,0.6156073283956955
This course was a challenge. Mostly because some core requirements of the assignments were not explained in the lectures. I spent more time searching google for information than I did the lecture videos because A. the lecture videos are not named or indexed in such a way as to make it easy to figure out which video to rewatch and B. in many cases the particular thing I was trying to do wasn't covered at all. It may be the instructors teaching style to get you to research yourself but I could have done that without paying for the course.,Neutral,Negative,0.5224736836662961
The material may be nore specific,Neutral,Positive,0.3720378597048836
"This is an instructive course but not represented in a very engaging way. I wish that the representers find a more interesting and engaging way to teach grammar. I will be doing the whole specialization but there moments that I get so bored and unmotivated, I have to force myself to keep going. And I love English and find grammar interesting in general.",Neutral,Positive,0.7829769444641612
Several problems with the student assessment.,Positive,Neutral,0.41629956594757617
"Good course, needs a little updating though.",Positive,Neutral,0.5687262465356815
Peer to peer assignments are really slow and due time dependent.,Negative,Positive,0.413125226912995
"Disappointing, thought it would be more involved, perhaps with a real presentation graded by other participants in the course. Was interesting to watch the videos, but it was a 10 minute job. The other parts were OK, but after the Capstone I would hesitate to recommend the course.",Negative,Neutral,0.46661432421897986
This course is very challenging. I may not have had the proper background in mathematics to full absorb the material. Similarly I may have to busy of a lifestyle to have properly focused on this class.,Neutral,Positive,0.471626176990947
"This class was more so tailored to those already in the work force rather than those in college, but it gave some helpful tips.",Neutral,Positive,0.566325336528732
Good start course. It seems some information not covered so sometimes it is difficult to understand the content.,Positive,Neutral,0.4924025024799427
I feel that the lecture material lacks proper explanation of the key concepts but the questions in quizzes are good although the lectures should have been more conceptual rather than theoretical,Negative,Neutral,0.5602217760469294
"Although this course is admittedly an introduction to UX, it is still very underwhelming. Priced at £39, the course materials that are spread to 5 weeks could easily be done in 1 or maximum 2 weeks. It is hard to justify that for example ""week"" 5 consists of a 7mins long video and a simple quiz... ""Week"" 4 is 15mins... Overall, I felt let down by the lack of materials and assignments (no hand-on experience can be gained, no peer -graded assignments).",Negative,Neutral,0.4931935951824747
"I have to admit that the professors know the topic and are conducting amazing research, but the course was dry and terribly designed. The videos are too long, without quizzes or activities to break the long dry monologues. They also talk like robots and one gets lost really fast. I have taken many courses in coursera with long and short videos, with boring and engaging teachers but this is by far the worse. They are trying to show off so much information and in such a high level language (to most), that it makes it incredibly boring. I should add that I have studied Buddhism, and there are so many better ways to provide people an opportunity to come into contact with this beautiful topic.",Neutral,Negative,0.7025564045086611
Could have been more useful,Negative,Neutral,0.5234403287866939
"Excellent introduction to Machine Learning. Besides a few small technical errors (with audio, or overlapping video revisions), I still found the material of the course to be valuable. In addition, coming from a programming background, I found the coding assignments somewhat on the easy side. There is also quite a bit of advanced math in the course, but the instructor takes care to explain every formula and not assume students have advanced knowledge.",Positive,Neutral,0.4763088231355523
excellent material.....very good teaching..,Neutral,Positive,0.9978533635883264
"needs a bit more info in the text book too, but the videos/lectures get you there",Positive,Neutral,0.6835238269752206
"Great course, but sometime it is boring since the introductor just read materials. Hope this can be improved in the future.",Neutral,Positive,0.5551180155256389
Course is awesome but the final 36 questions are really a headache.,Neutral,Positive,0.7149244792862335
The last assigment Is not specific enough for me.,Positive,Neutral,0.5139320805611688
"The course material is fine. In fact its good. However I completed the entire course in 4 hours. Whilst I have some basic programming experience I am by no means an expert. There really is very very little material in this course. The assignments are also very simple and automatically graded. The course fees are not particularly transparent. I think the course is FAR too expensive for the content provided. All of the other reviews I have seen for this course are a single line such as 'I liked the course a lot' or something equally vacuous and unhelpful. If you are a beginner I would suggest trying 'Python for the absolute beginner' by Michael Dawson. If you have ANY programming experience, you might be better with a more advanced course.",Negative,Neutral,0.496891248268115
"The course is a lightweight introduction to Linguistics. If you are absolutely new to linguistics, it will provide you with enough information for further research and self-development. There are some really interesting facts provided by the required reading of the course.What I mostly liked about the course is the list of additional literature. What I mostly didn't like are quizzes - I little bit too reliant on the question formulation. The only quiz that I really liked was about syntactic analysis of informants' sentences.",Positive,Neutral,0.4725474482343783
"I only received 96% as a final result, even though I obtained 100% for every assignment. Pathetic rating system. If I had paid for this course I would be incensed.",Negative,Positive,0.42766836335239006
Better than the second one. It should focus more on the specifics of the game industry. It provides much generalist advice that can be gotten in much better depth in other entrepreneurship content on CourseraI missed a section on what are the main players on the gaming industry and a brief discussion of each,Positive,Neutral,0.6249716521776607
It's a very interesting topic but I had to rely on a text book to understand it! I struggled to understand the lectures and reconcile it back to the quizes.,Negative,Neutral,0.5078970312441285
"Its ok, I didn't learn a little and I didn't learn a lot.",Neutral,Negative,0.41663119105024954
"I enjoyed the course but mostly only because I had ample time to complete it. I likely wouldn't have finished if I was busier. The course notes aren't particularly helpful and they are very brief. The assignments were just okay but most of the time spent on them was trying to debug the code rather than learn the concepts studied in the lectures. I'm giving this course 4 stars, not because the Coursera content was good, it wasn't, but rather because I learned a lot trying to 'figure out' the assignments and finding information online. I'd say if you're a beginner, looking to step into robotics, it might be worth your time but if you're intermediate to advanced, you ought to move along. The content taught versus the time it takes to debug the codes might not be worth your effort.",Positive,Negative,0.4748817126280534
"It was a good course, however, it seems that the recording was from the earlier course. Which I don't mind, however, some of the comment wasn't relevant, so it was a bit weird.In terms of content and how the course run, it was beyond my expectation. The list of literature provided were quite extesive and strategicaly chosen.I wish there's a whole syllabus that we can access in the beginning of the course to prepare for the assignment.",Positive,Neutral,0.6238080828841751
"I learned a lot but I felt that the final project was significantly more difficult than the work leading up to it, and there was no support I could find or access via the class itself.",Positive,Neutral,0.4211976922953902
Knowledgeable professor. Distracting background. I prefer direct eye contact rather than having the professor sometimes filmed not looking directly at the camera. But the course gave excellent information and I enjoyed it.,Neutral,Positive,0.6305597511398268
"The course can be summarized as: ""OK, here are some tools that can be used: now read the documentation, Stack Overflow and some papers that we give you links to"". Each week there are just few videos. What I expect from a Course are baby steps and clear guidance about good practices. Of course you can learn it all from the Internet - I am taking a Course to get something I will not easily find elsewhere: a good teacher who will guide me through optimal approaches.",Negative,Positive,0.4149982652495577
"Although is a good for a start, and Graphlab framework is state-of-art software. I would like the same content developed using mainstream opensource frameworks like pandas, scipy, numpy, etc.One of my interest in this courses was that they used python instead of R (which I don't like too much for it's inconsistencies). Python is faster and more reliable.",Positive,Neutral,0.38718802530374835
"This course tries to address problems that might arise from game development. It's not an approach to the accounting problems, like finances, a game company may have, but mostly an approach to the bureaucratic problems of creating and publishing a game. It also provides knowledge about monetization pratices and publishing pratices, warning the future game developer how a publish may inadvertently ""throw a wrench in the works"" of game development.",Neutral,Positive,0.7299493059860949
"Great Instructor videos, bad assignments and peer grading system.""Is the file submitted as PDF? Rate from 1 to 5"" everyone puts 1 as my score even if I submitted it as PDF file, should be a yes or no question.",Neutral,Positive,0.4119678493632492
"Never before have I had to create so many fake accounts, nor write so many long and laborious manuscripts to be able to complete the assignments. There were also so many problems with this last and final Capstone project - delay in start date, plague of technical issues from Coursera, lack of support from teaching staff (and Coursera) when issues were experienced, and instructions that were not clear enough at times. I'm very much glad to be done, and congratulations to all of you who made it through this last and arduous process. Job well done!",Negative,Neutral,0.40119645261370857
it was halful,Negative,Positive,0.5156954926761672
"You really need prior coding experience to understand the training. I also was very disappointed in the teaching. We have an incredible opportunity to improve education, and I feel that this course is merely an extension of current learning techniques. It was extremely difficult for me to fully participate without paying. I was using this course to make a specific android app to control my wheelchair. I act as an analyst for my programmer husband. So I fully understand code architecture, but absolutely hate coding by hand. This course glossed over coding however it is far more code intensive then I was led to believe.",Negative,Positive,0.4545950849950406
"Well exceeded my expectations! Lots of science, yet never dry and boring.",Positive,Negative,0.4615889273379906
Lack of examples.,Neutral,Negative,0.4448295591741862
Just wish to have some concept check before taking the quiz.,Neutral,Positive,0.677912657334224
It seems too easy,Positive,Neutral,0.5665689163367307
"Course feels somewhat abandoned by instructors. Content is okay, but can't help the feeling that it's basically a cash cow - students would benefit a lot if instructors were move involved.",Neutral,Negative,0.47513845213079986
"The first assignment was very confusing in terms of what was required, and it should be fixed.",Positive,Neutral,0.4937762969165149
"Well done overall. I would have liked a little more detail with some of the formulas mentioned, but overall I felt like I learned quite a bit.",Positive,Neutral,0.6031376039467954
"There are no notes for the course and the structure is quite loose. There are no assignments besides a final app. The time frame is difficult to keep up with, if you're not a full-time student. You'll spend time looking stuff up and re-running videos. If you've never had a course using Xcode, this will be a steep-learning curve.",Neutral,Negative,0.5896626241327324
not very creative in terms of approach,Neutral,Negative,0.5142356257121985
The teacher speaks too fast.,Positive,Neutral,0.4286756954284473
"A tremendously useful primer on the fundamentals of data science math. This course is a particularly good option for individuals who have seen some amount of calculus and algebra but haven't used those methods in a long while and need to review. Thorough, easy-to-understand material.I would suggest to the course facilitators that they develop the provided lecture notes -- already a useful tool -- into a full-fledged text. I'm not suggesting something much longer than what they already have, but simply taking that document and adding a bit more rich content. While the notes are useful for more carefully studying the math being done in the lectures, even a bit of effort putting some pedagogy into the notes and combining them into a single document (which I did for the sake of printing) would create a hugely valuable resource.",Positive,Neutral,0.5101937993381866
"Very through introduction course, very helpful for those who are preparing for PMP exam .",Negative,Positive,0.9065156203741137
"Too easy ... but otherwise good! The programming assignments do a bit too much of the work for you, but solve some pretty interesting practical problems.",Positive,Neutral,0.5161461348432516
Good course.But skips to topics without any brief introduction,Positive,Neutral,0.511715718857348
"The material is interesting, if not all that novel, but the professor is incredibly repetitive and boring to listen to...to the point where the lectures were almost redundant, and if the content had not been so interesting to me I would have greatly disliked it",Positive,Negative,0.48890250925716033
"I love some of the discussions in this course, and i think that students can be prompted to contribute even more. Perhaps make contributing to a discussion in each module an essential part of the course?The content is well-structured, going from a general overview of evolution to canine cognition. I would have liked to see it go even further, questioning the assumptions behind some of the recent research publications in this area instead of just including it in this course. A little more critical reasoning doesn't hurt.",Positive,Neutral,0.553035526324998
"There should have been more knowledge testing as the course progressed. The first week and last week model didn't help me to incorporate the progress, and I grew disillusioned just listening to the video. I even had purchased the professor's book, but found the course differing significantly from the book. Lost interest is it progressed, but completed it.",Positive,Neutral,0.4395034146328535
Best instructor and lectures covering the entire area..But Assignments should include more questions so that to cover entire content of course.,Positive,Neutral,0.5008905379934196
"Hi, I loved this course. However I'm a bit surprised that didn't got a certificate for doing it. That's why I don't put 5 stars.",Neutral,Positive,0.6486036861063376
This course and its related courses are rough around the edges. Things are not always intuitive.,Negative,Positive,0.5228611189636235
i can't see the course teacher so it look like the all parts of course are the same,Negative,Positive,0.5448379821969636
"Some things are not updated. Some things should be reviewed deeper. It is a good course to start developing hybrid apps, but should be updated.",Positive,Neutral,0.7106504727069166
Mathematical expressions are not there...,Positive,Negative,0.4689795490163368
The course content is presented in a very good way. It is explained in an understandable way and examples provide a good insight. The final assignment is ambiguously described. This is very frustrating if you invest a lot of time and recognize that all classmates proceeded in a different way.,Negative,Positive,0.6393337650536365
"Really good course. But, I was unable to complete the final week as I had a lot of trouble installing the Cloudera platform for Hadoop. So, I would recommend others to get that installed well in advance or else if you wait till the last week you might not be able to finish it in time and 6 weeks of effort would go to waste like it did for me.",Positive,Negative,0.4035494562608711
Lot of external links,Neutral,Positive,0.6962737836964573
"This was a good introduction to the field of Cybersecurity, but I wished for a more in depth coverage of many of the topics and other topics. This class would not be a preparation for the Security+ exam, for example, but it is a good start as an overview of Cybersecurity.",Positive,Neutral,0.49599675067215027
The professor is reading long texts. It is not really attractive.,Negative,Neutral,0.4932991985939713
"Course material is fine.But the instructor isn't the most inspiring. The course feels like the instructor is just reading off the presentations.Overall, just an average course",Negative,Neutral,0.5075241556000144
"75% of the course is amazing, the rest needs some work. The course feels as if its target population is lower-level undergraduates or the general population. Would love to see more advanced graduate level content included.",Negative,Positive,0.4970820897692902
"Aimed at those needing to get services -- in a spectrum of family living. Too much on California systems, not enough on direct coping with day-to-day.",Negative,Neutral,0.4752779312026361
"I like how the course delves straight away into website creation rather than explaining the 3 languages (html, css, javascript) formally first. This way one can start creating basic web pages just half an hour after starting the course.",Positive,Negative,0.4484255217324315
"Good One , but quiz 3 is not accepting right answers",Positive,Negative,0.4186317739531836
"It is a very nice course, although I was expecting something a little deeper / denser on both statistics and SAS programming. It is getting better on Module 2! =)",Positive,Neutral,0.5376445299612934
It was good insight into problem-solving in companies.,Neutral,Positive,0.6843607589566675
"good course, but... paid, I can't submit the task",Neutral,Positive,0.5554034361371712
Easy but really complicate to submit the assignment.,Negative,Positive,0.6193883772270922
I finished this course with by N.Gregory Mankiw as additional material considering the fact that course video is too limited to explain all the essential definitions and models relevant to the main to,Positive,Neutral,0.41641105543930906
"Very overwehelming with lots of names and without explanation, just like real lection in real university.",Neutral,Positive,0.5247630861077961
"Reading and only reading! Could have at least a voice, some interaction!And is too expensive.",Neutral,Negative,0.4604171205351804
The course needs an update. Really poor presentation of the material although a lot of things are covered.,Neutral,Negative,0.5507035317980988
"it's too overview with not enough details, as for me. But is usefull at all",Positive,Neutral,0.5670856057814133
"I thought the videos for this course were appropriately concise and well-done. The projects were about the right difficulty and length (although the one for week three was more time consuming than expected). They were interesting enough to keep engaged. I think the span of topics was also useful and appropriate. I would have liked if the autograder gave more detailed output on what was wrong with a submission. I also think it would be extremely beneficial to see the ""right"" ways of solving this problems after a submission is completed. I'm sure I didn't use the optimal pandas approach in some instances, as it stands I seem to have no way of knowing and improving my knowledge beyond getting a passing grade.",Positive,Neutral,0.48161775552297326
"Of all the offerings in the specialization, this one felt like it was thrown together in less than hour. I expected to have to learn quite a bit of material on my own, but even the references to additional materials were very thin.I could have saved many days if more guidance on the project workflow would have been given. The pre-processing of the data was quite extensive (9 steps before generating the ngram tables I used in my model) and was the key to getting decent results IMHO, but one had to step on a quite a few landmines to figure this out.The problem was an interesting one and I ended up reworking it after passing with 95% (the only class in the specialization I didn't get 100% on) because I didn't have time to implement much of what I had to figure out by 'hard-knocks'",Negative,Neutral,0.46375295593542404
"It is a nice introduction, but the material is barely worth a one week orientation lesson (I have completed it in about 4 hours with watching all the videos, taking detailed notes, and completing the quizzes for 100%) . Why should we pay for a specialization preview, we can read info about the separate courses on our own? I am really looking forward the next courses in the specialization since I really need a good course in statistics and this seems to be one, but the first course should be eliminated. The installation of R and github account videos should be added to the next course as an introduction.",Negative,Neutral,0.4286529197059077
"The instructors are pleasant, and the videos helpful. Unlike some classes where it feels like there is gulf between the toy examples covered in the lectures and what's requested in the assignments, the materials available speak directly to the homework.The virtually non-existent discussion board, lacking much activity from either students or staff, is a real downer.",Positive,Negative,0.5168791722284585
"The course was quite helpful. I've been trying to make games already, but never knew where to start designing the game. Unfortunately it's quite short which was disappointing. I would never pay 80$ for a couple hours of video with basics",Positive,Negative,0.388464957284063
"The professor and instructors don't understand how to properly write SAS programs and ignored constructive feedback. It's very sad to see students follow suit by producing hard to read codes, ignoring programming conventions.As an analytic leader in healthcare industry (I am supervising some of my junior level team members to get some basic training), I want to say something to the students graduated from this course: if you program the same way as being taught, you will lose a competitive advantage during job interview.",Negative,Positive,0.616866939397163
"A good course, giving a thorough understanding of the various types of renewable energy, their issues and opportunities. I cannot rate the course higher because some of it is so out of date. It really needs to be re-done. The Paris Agreement wasn't mentioned, some of the research is from the early 2000s, many of the lectures are at least 3 years old. This is an area that is changing rapidly, monthly, and this course can't really be seen to be current any more. Particularly the politics section in week 8.",Neutral,Positive,0.38794042838955595
I like this programme its very helpful and encouraging for me to do programming,Neutral,Positive,0.9748188015552595
"Nice structure although needed more assignments outside just the quizzes, to get you to use the skills",Neutral,Positive,0.6890755099941975
"The programming assignments are a great way to get your hands dirty with R, but this is not a course for someone without any prior programming experience, and I found the lectures didn't have much connection with the assignments.",Neutral,Positive,0.47239485139734044
Unsufficient information for the programming assignments.,Negative,Positive,0.5738960313555084
It can improve a lot.,Negative,Positive,0.7312004017496869
"This course is the first one in the Data Science series to lapse in terms of the clarity of the lectures, and the sense of cohesiveness of the material. Brian Caffo's lectures in Statistical Inference were good; in this course they seem to veer left and right rather than get straight to the essence of whatever subject he is lecturing about.A more structured final project would have been helpful. The instructions on this project weren't quite so blunt as to say ""Take this data set, do some regression-y stuff and come back with something about these two variables,"" but that's basically as far as our instructions went. It could have been a great learning experience to have a more detailed guide through the construction of a regression analysis, but instead an assignment which was 40% of our grade was put together as an afterthought. It was the assignment equivalent of stopping in the 7-11 a block away from a birthday party to buy a card.Also, in terms of delivering the content: Mr. Caffo needs to structure his slide/video arrangements so that he is not standing in front of the text. Think of it from the point of view of somebody wanting to listen and read at the same time.",Negative,Neutral,0.5844396393201887
Week 4 was a big leap from week 3. Difficult with less time to complete the project. But course was good . I think course could be extended by adding 2 more weeks so that more practice sessions could be given to students.,Positive,Neutral,0.5638689613273247
too simple(,Neutral,Negative,0.4874853417004596
Nails down all the bad habits which makes you not learn more than you could.,Positive,Negative,0.48222574969525495
It was good for an introduction to the language. Pretty basic stuff,Positive,Neutral,0.6632017140892542
I think this is easy introduction to the topic and assignments put you to think. If you're more seasoned with the topic or you have background in e.g. embedded systems this course does not bring much to you but can be used as easy refresher.,Positive,Negative,0.4054036239445564
"I think any course of Chinese must include characters. To teach only a too basic sentences in pinyin is not a good experience. Nonetheless, I like this course.",Positive,Negative,0.5045387186893501
"A steep learning curve for someone who has not gone beyond very basic music theory before, but worthwhile nevertheless.",Positive,Neutral,0.4107609162947466
"Very helpfull, and interesting. not boring at all.",Positive,Negative,0.47405828723978394
So easy~But the teacher is well!,Neutral,Positive,0.745982644719306
"I enjoyed the difficulty of this course, however at times the questions seemed irrelevant and frustrating to find the information that the questions referred to. I believe some refinement is due here, but the difficulty was satisfying difficult compared to previous courses!",Positive,Neutral,0.5922558528148697
"I'll only mentions things I didn't like: sound/video quality is poor, lack of lecture notes.",Positive,Negative,0.5698569155909553
need more lectures. there are complicated topics with weak background for the students.except that it is a great course. thanks..,Neutral,Positive,0.9126794118769862
"Opening the quizes and the internal acreditation for free should be a most for such a good course like this.Its a shame that ""non premium"" users have access to only the video material.",Neutral,Positive,0.3469308134799963
"As a stand-alone course this would be very good. The presenter is engaging and clearly knowledgeable, and the treatment of the course subject is thorough and well-designed. Grounding UX design in rigorous statistical analysis is important.BUT as a component of the Interaction Design specialisation it was much too long (nine weeks, as long as the previous three courses combined) and the coursework was un-interesting (long sequences of statistical tests with strange names) and very different to the creative and interactive assignments in the other courses. It very quickly turned into a demoralising ""death march"" for me.As part of the specialisation, this course needs to be slimmed-down radically, and perhaps complemented by other analytical approaches to UX and interaction design. In its current form, the inclusion of this course in the Interaction Design specilisation is represents an error of judgement.",Negative,Neutral,0.3781703304493681
Not bad by the now,Neutral,Negative,0.4958041205318757
"the peer feedback is not working that well. the time range is very short and the rating quality varies, so resubmissions of assignments can mean you have to re-enroll for the following course and lose your cohort.",Positive,Neutral,0.39238584402590243
This course is for people who are already relatively happy. Tasks are impossible for those who are not happy. Personally i couldn't define happines and couldn't remember anyone who i am grateful to,Negative,Positive,0.555045430757655
"Annoyingly, the specific pre-requisites can't be determined until AFTER enrolling. This course is in C++, so if you're not a C++ programmer, it's probably not a good idea to purchase this.",Neutral,Negative,0.5318941568883644
"I think it was a good course, but the examples are basic while the assesments were pretty hard. Maybe it'd be splitted in two different courses.",Positive,Neutral,0.685647136386999
I have completed this course. This course was awesome. Video lecture were very self explainable. I could also discuss on discussion forums. Really impressed by this course. I know this is one of six courses. But the learning material was limited. There should be more examples.There should be some optional assignments and there should be more emphasis on the quizzes. There was only one quiz in the whole course.I suggest there should be quizzes and coding examples for each module separately and and after each video there should be some lecture quiz. The lecture quiz should have less percentage towards final grades.There should be some passing grades like 70% or more for passing.As I have completed this course without verified certificate. There is no even unverified certificate for me. EDX is offering Course performance certificate and Honor Code certificate for free users. I will appreciate these steps to encourage people to follow the course.Thanks for offering this courseGrateful to Coursera and University Team,Positive,Neutral,0.5022508790309118
"The content of this course is very good. However I feel it is unfortunate that the lecturer did not make an effort in preparing the presentation of the material. This makes a huge difference. Especially when it is an online course, the lecturer needs to bring the story to life rather than simply reading with hesitation from the slides in most instances.",Neutral,Negative,0.37243435263197106
"There wasn't a lot of information inside the video and the test's questions hade multiple possible answer.However, the links to ressources such as HarvardReview or Inc.com were pretty good and usefull.",Negative,Neutral,0.48277018283850404
Not a course that helps you solve wicked problems which do not have solutions that will come suddenly one fine day and ones that require more thought effort and brainstorming.,Negative,Positive,0.5573095056791096
"One of the most interesting courses of the specialization. Unfortunately, delivery is still in need of improvement. At least there was some good discussion around the slides, and not all slides were read verbatim. Interesting project at the end!",Positive,Neutral,0.45435538445134843
"The teachers doesn't seem to enjoy beeing there.......... The all seem like ''The faster we do this, the sooner it will be finished....''",Negative,Positive,0.5015855912051426
Because perfection does not exist and this is my first online courses so I can not really objectively judge.,Positive,Negative,0.3966169527608131
"This class is more of a Marketing 101 class than a digital marketing class. Interesting, and probably a great class for someone looking for the basics of marketing.",Negative,Positive,0.81875888728485
Very few topics are covered. Although all the topics that are included are explained very beautifully.,Neutral,Positive,0.6190196311932922
There are better courses on the subject on coursera and other platforms. It worth it pursuing it if you are interested in joining the capstone project.,Negative,Positive,0.46223739419412857
"The techniques are useful, but a course is a bit boring",Positive,Neutral,0.6491379925174343
It's good but easy,Positive,Neutral,0.6048994303668473
The instructor is at time incomprehensible. It would be helpful to speak more slowly and pause more often. Otherwise he sounds like repeating something that he's so well memorized after many years of teaching.,Neutral,Positive,0.5651205172265381
"Good information presented, but I can't get past the outdated teaching method of using the first 45 to 60 seconds of each video to talk about what the video is going to cover, then spending 30 seconds repeating those bullet points at the end of each video. Some videos are 4 minutes long, so more than half of the content is not actually content, it is essentially the instructor reading the outline for the upcoming content. It's a waste of both instructor and learner time. There are errors in the materials, and since there is no instructor feedback/interaction, there is no way to find out what was meant (including in reading assignments). All you can do is submit a ticket to get it fixed and hope that it gets corrected for the next people who take this course.",Neutral,Negative,0.5844003109790807
Simple to understand,Neutral,Positive,0.9107584593054598
"The course was a very comprehensive introduction to Buddhist Meditation:- there were lectures about the different Buddhist meditation traditions- practical trainings on Buddhist meditation- neurological and psychological view on the effects of meditation on the human bodyand many more topics related to meditation.I found the course was actually overloaded with content: most videos were too long and there were too many videos. Some videos were more like reading a text: the lecturer was most likely reading his own script from a Teleprompter instead of really talking to the audience. The videos were not bad, but I see some room for improvement for most videos of most lecturers. My favourite videos were from Anam Thubten, he was most genuine and convincing to me.All in all it was still an excellent introduction into the topic for me: a big thank you to all people involved, you did a great job!!",Positive,Neutral,0.47932346101914497
"I give this 4 out of 5 stars mostly due to some technical video/audio issues with the material and its presentation and editing. Also, there didn't seem to be anyone moderating and only a few other people taking the class so not enough forum discussions to help us out. Additionally, I'm also disappointed there isn't a part II that continues into ML approaches to the subject. Finally, I think a bit more rigor and theory could be introduced into the videos before just pointing to the accompanying textbooks. But I understand the tradeoffs. Looking forward to part II (please Dr. Balch!)",Positive,Neutral,0.44149151859465585
Too theoretical for my needs but gives a good background to how to approach analytics.,Neutral,Positive,0.42687024977703303
"This Course is very interesting because it covers the work from iconic photographers since its invention in 1839 to these days. The ""but"" I found is : first, the required readings are very extensive, and second , the questions for the quizes are most of them too much specific, and there are so many photographers names that it is quite a challenge to have more than five questions right. Otherwise, it is a captivating MOOC, designed more for Photographers than lay public.",Neutral,Positive,0.4925851250555452
"The content of the course is reasonable and gives an introduction to the uninitiated. The peer review sysetm however relies on the experience and knowledge of others which is a flaw in how some of the coursera modules are evaluated.If you are looking to expand your technical knowledge, opt for a course the has an automated test system (such as the courses on Data Structures and Algorithms).If you are just considering studying engineering, this course and specialization will be a decent and simplistic introduction into the field.",Neutral,Positive,0.4920409005190586
"Content wise this course is excellent, quant finance enthusiasts would love this course. Truth be told this is an insanely difficult MOOC to pass/complete, not because its hard, lets face it, the contents are very advanced and its assumed that students would have background in advanced finance, but the problem lies in the fact that the professor does not explain the topics well enough. The professor might be excellent in this field but simply can't explain well enough, he is mostly reading his notes/slides with a few drawings. Second problem is the notations used in the course is extremely confusing, it makes maths look scary. This could have been a the best MOOC on Coursera but the professor's explanation is simply not upto the mark.",Neutral,Negative,0.516075268283303
"Sense of humour is off-putting. Tone is unnecessarily childish (""Python is yelling at you""). Key ideas are unmotivated (just trust me, functions are useful!). Includes line of code impossible to understand in earlier videos (e.g. loops appear in earlier weeks). Office hours just seem like professor showing off all the places he goes to. I enjoyed the interviews with people discussing their work or history.",Negative,Positive,0.5193225313958988
The course is oriented to alumni that have a minimal experience with design concept refreshing and updating know how with interesting information sharing with the classmates. The pratical exercises helps to consolidate technics and expertise.,Neutral,Positive,0.8883617280270358
"On the positive side, I enjoyed taking the course. It is well suited for high school and first year college students, and I think that the mechanics of the course are well presented.That said, I also feel that the course could be re-structured to remove the emphasis on being a student, and concentrate on the principles of how to learn effectively, that anyone, of any age, would use. as a mature adult, I found the last week's content less informative and almost disengaging .",Positive,Neutral,0.4625001735409937
"I am not in financial major, but the with the help the this course, they teach the basic conceptions and ideas about corporation finance.I appreicate a lot.",Positive,Negative,0.38223416830778356
"Some of the final exams included information that was not in the lectures, so there were a few times I felt the need to refer to outside sources just to pass a lecture. I have no previous medical knowledge or training, so this course may be better suited for someone who is a pre-med student and at least understands some of wha",Positive,Neutral,0.4928679921256079
The course is ok. But we need really less lectures and more application based courses.,Positive,Neutral,0.6455974884290515
It helped me to recollect the some areas of Exc,Neutral,Positive,0.9390837161118247
He is awesome in reaching every aspect of Classical music.,Neutral,Positive,0.9699032643413331
"It was interesting, not tedious and very affordable",Positive,Neutral,0.47044651822863914
"Nice, informative, but basic and short.",Neutral,Positive,0.5995417254437929
"Good course for a dry subject. I feel that the modeling could've been more thoroughly explain. For example, the professor could've used cases to analyze/explain what relationships between variables signify in greater detail.",Positive,Neutral,0.5486731706227913
Too expensive for such a simple course,Negative,Neutral,0.3900897649021738
"If the week 4 was not there, i would have a 2 or even a 1 for this class.Until week 4, there was very little connection between what we were watching and what we were asked to write assignments. And the assignments were also confusing and overly restrictive. There didnt seem to be any sense in why we were asked to write those.",Neutral,Negative,0.6146489434610684
"The videos are very static, the content good but the course progresses in a rather slow way.The thick Dutch accent and the lack of diversity in the speakers profile is rather paramounting (but I have followed only the first three chapters).",Negative,Neutral,0.499806094493436
"It's a good course, but it might be a little too introductory for someone who already has some familiarity with programming (although I hadn't used R, I had other experience with a similar language). So for me, I completed this course much more quickly than I anticipated and was really just very eager to move on to the other courses in the specialization.",Positive,Neutral,0.5359048707513052
"the content if very good, but lecturers are terrible. you better read slides and read any book you like. watching their videos it wast of time.",Positive,Negative,0.5522047017521492
a little too short but good,Positive,Neutral,0.7520036995279169
Several times I uploaded material,Neutral,Positive,0.7309580409493491
"I felt the course was ok, but wanted more. It seemed very general, even with the focus in the end on e-Types.",Neutral,Negative,0.4344820778392463
please i need a pass certificate,Positive,Neutral,0.45306542473371336
"Covers the basic of Linear Regression, would like to see more advanced material.",Neutral,Positive,0.7894247912080457
Clear and very interesting. But I don't think this course is adapted for people who never heard about coding.I liked you speak about accessibility and enjoyed making the quizz. Congrats !,Neutral,Positive,0.8326234753382918
"Very good material and videos. However, quite a few mistakes in the quizzes and programming assignments (missing information, incorrect answers, etc) which requires a frustrating dig through the forums for errata mentioned by other users that was never incorporated into the actual tests.",Positive,Neutral,0.4192492278392726
"In general I liked the course and content! However, some cases studies should be updated. The digital world changes dramatically fast and the course must follow it. We always expect to learn the latest trend and current examples.",Neutral,Positive,0.5254357541118779
"Autograder is hard to understand and has no feedback. Could improve the feedback mechanism, maybe with peer review. Thanks for the course!",Positive,Negative,0.4326546850831986
A couple of results in Q1 directly contradict the theory. Course is quite unreliable.,Negative,Positive,0.8031894285387954
good information. organized well and not too many lectures,Positive,Neutral,0.4332777061946275
"课程比较多的讲述了R的基础知识,这是什么不会搜什么的学习方式所不能带来的。希望课程能增加一些更有趣的作业。同时,短时间内接触大量基础知识容易感到枯燥并且难以牢记,建议每一个视频后面增加短短的几个编程的习题,这样可以更快地掌握。The course is more about the basic knowledge of R, which is good considering that looking for the answer when meeting with problems cannot teach this. Hope that more interesting assignments could be added. Finally, too much basic knowledge makes people boring, it would be better if after each video the students could do some short programming tasks.",Positive,Neutral,0.4152025804576047
The quizzes were engaging but i think it requires some knowledge in use R for data science. Though i learned a lot. Thanks again.,Neutral,Positive,0.7245503713618013
it is interesting but diffucult for me.,Positive,Neutral,0.6009598674077674
"Good lessons, interesting content. But media is a bit old fashioned, I missed more interactive activities and more modern videos.",Positive,Neutral,0.6589237705001117
to much theory,Negative,Positive,0.3848022644291918
more needs to be taught in class. what is taught is not sufficient for quizzes.,Neutral,Negative,0.4992139906012179
"It was overall a good course for a beginner but too much theoretical things are there, one needs to push more on practicals.",Negative,Neutral,0.6220186206843039
"This is a fun course. However, there is not much content on dog emotion, and lots on evolution (not limited to dogs). It is straightforward and slowly enough paced that no one should be afraid it will be too difficult for them, and the instructor is enthusiastic and eloquent. I have a PhD in a related field and I learned quite a bit, so I would recommend this course to others.",Positive,Neutral,0.39884848320430955
"Good content, but way too slow. Please use pdf instead of writing everything.",Positive,Neutral,0.5137627746418546
This lecture just gave some fundamental ideals rather than details. Luckly I have not enrolled the certification.,Neutral,Negative,0.39863576604748285
"Not very detailed and quite general. Nevertheless, you get a good sense of what IoT devices are and how the work. For an introduction, it's ok, but I expected more information and more assignments to make it really useful. In terms of value for money, I'd say you're better of spending a few hours on Google and forums.",Positive,Neutral,0.49048266012887215
This MOOC is probably a bit too much of a rehash of the previous ones offered in the specialization. It is however of good quality and includes some interesting interviews of a few,Positive,Neutral,0.5667773824674298
Simple and fast.Try to put more difficulty on the quizzes.,Neutral,Positive,0.421555023924966
"the course is interesting, but i honestly enjoyed the first course more",Positive,Neutral,0.5657657175474475
"I loved the course, it was way beyond my expectations. Everything well explained. I only have on critic. I think the assignment of 5 waypoints trajectory was not in accordance with the rest of the course. Imagine the tests following a level line and abruptly changes to something too hard. I think the purpose here is to learn and not find out people with special skills. Many of our colleagues that were following the course simple gave up due to this assignment. And also took 25 hours average for many of us, that not dispose of this time, since the proposed time to complete the tasks are of three hours.",Positive,Negative,0.5651333621159055
I don't think I can find a better professor.,Positive,Negative,0.39371720612104566
"The content of the slides were sufficient for the basic intent of this offering. The overview and reasoning behind why the products are competitive for other contending services was clear. When performing the labs, the content is very recipe driven. While that works well for someone attempting to get the work done, there needs to be some visuals prepared that show how the GCP components are laid out and the relationship they have to each other ( simple architecture views ). The GCP products have very similar sounding names, so paragraphs describing what is happening have less effect, whereas some simple architecture views of what the lab is intending to do to go with that in the lab content itself, might help.",Positive,Neutral,0.49910070546170143
Some more information regarding the HTML attributes like area controls would have been good.,Neutral,Positive,0.5426596250567863
"It has not enough content, you can just read the chapters 5 to 7 of PMBOK, and its the textbook that you'll use in this course.",Neutral,Negative,0.5427430091419475
"Why 4 and not 5?I had problems with the 2nd assignment, because the instructions (what was expected for me to return in the tests) weren't clear enough and if it wasn't for the forum, I'd still probably be stuck there. It might be that there was a ""good practices while coding"" was missing, ie. ""Why to declare something as nil while you assume it's going to be an array?"" or ""Why and when to initialize variables?""Apart from that the whole thing was very nice. I've learnt a lot. Big thumb up.",Positive,Neutral,0.5634694641081525
"It was a good, brief session that provided basic information on presentations.",Positive,Neutral,0.540136051849866
"The course is delivered in a simple manner, easy to follow and with clear instructions. I'm not sure how much a peer review is a valuable contribution once most of the students don't really know how to criticize properly the peer's assignment, either always giving the full mark or evaluating according to its personal ideas and not necessary what the exercises called for. Anyway, it's still a very valuable alternative to formal education, specially if the student is committed enough.",Positive,Neutral,0.5183246961627221
"Huge gap between theory and programming assignments, however quizzes are interesting and require some time to complete.",Neutral,Positive,0.5420796761316525
this is not a review its my personal progress bar,Positive,Negative,0.4526730434619766
I thinks it only happens to me. I found things are a little unorganized for me who doesn't speak English as mother tongue. But the videos and quizzes help me a lot to understand.,Neutral,Positive,0.39424648081727365
It has great content.A good investment of your time.,Neutral,Positive,0.947669705625257
the assignments have nothing to do with the presented material. Would have liked some practice of the concepts presented in the lectures as opposed to learning new things just to be able to do the assignment,Neutral,Negative,0.47762441508969516
Great instructors.Lots of historical references and terminology. I would prefer more details about how stuff actually work - in simple layman's terms.Looking forward to the second course.,Neutral,Positive,0.6619791596075718
"Very interesting topic and good presentation. I took the noncredit option and this was the first course I've taken at Coursera (including Duke) that did not allow me to get answers to quizzes I wanted to take (so I stopped taking them and feel I learned less). In lesson 2.7 (I think) where an in-lesson quiz was offered that asked me to choose between A, B, C, or D the visual disappeared so that I was hindered when presented with the questions to answer. A typo (its vs. it's) I noticed in a later lesson graphic (maybe lesson 6 somewhere). Anyway, thanks for the opportunity to learn about my brain and space.",Neutral,Positive,0.8285689265873991
"The first three weeks focussed heavily on ratios and detecting fraud and earnings management in an organization, the fourth week seemed to actually relate to data analytics and how non-financial aspects of a company play a role in the financial outcomes. I really do not see where a data analyst who is not in accounting field would be using the fraud detection scenarios in real life. A data analyst would be focused on improving the business and doing the analyses that pertain to improving certain aspects of a business, not finding his manager's earnings management using an M-score etc.",Neutral,Negative,0.4041099177055202
thanks it just needs more time,Negative,Neutral,0.4067706980735566
"Some of the explanations are not clear, and the knowledge net is not clear as previous chapter. But it is still good for me overall!",Positive,Neutral,0.6620084741758676
"Week 1 on Technical SEO was hard. Also, I don't have subscriptions to the various tools but it might be useful for future reference. It was too technical for me. Week 2 on Global SEO was already covered in an earlier course by Mrs. May. Week 3 on Mobile SEO was very insightful. Great! Learning about metrics (week 4) is always useful, so five stars for weeks 3 and 4.",Neutral,Positive,0.6300997637490521
"The class is good, but the content in the class is not that much.I think more complex project to solve some interesting tasks in homework will be better.",Positive,Neutral,0.5994418059996057
"It's very basic, suitable for beginners.",Positive,Negative,0.4582141738482695
"The material is very interesting with well-made videos. Great course to get an introduction to Tableau.The downside for me was that some videos were rushed with as they had too much content, and quizzes could be much better, I found the questions not really up-to-par with the course content.",Positive,Neutral,0.4196217356479692
"I think this course is good, but it short and expensive",Positive,Neutral,0.49197148465838364
Wish they gave more clear information on the calcuations.,Neutral,Positive,0.7111416597668767
"It is a good introductory course, but I think it should go deeper each week content. Being slightly more technical. I recommend this course.",Positive,Neutral,0.5729584158525622
very minimal presentation of many concepts!,Neutral,Positive,0.7388147320064646
Good intro/refresher for someone with no or very little programming knowledge.,Positive,Negative,0.4092377634915674
scarce material for weekly study,Neutral,Positive,0.600462500627717
"Too fundamental, too easy. No depth in math",Neutral,Negative,0.5015664054503441
Interesting course but the lectures are lacking in imformation. I would recommend as long as you don't mind a,Positive,Neutral,0.41203469685654565
Loved the professor. Do not like essay questions.,Neutral,Positive,0.6627338462110857
"Really fascinating material and loads of good information in the lectures. The homework assignments were satisfying if you can complete them, but unfortunately involved a lot of tedious trial and error. This was especially difficult since running the program can be slow which causes slow iteration of trial and error. I would not have been able to complete the assignments without helpful information in the course discussions.",Positive,Negative,0.5164178761773919
This course is of lower quality than the preceding courses. The final assignment instructions are not clear. The forums helped but I have the impression that they are not really followed by the mentors.,Neutral,Negative,0.46053021998130184
"While there were many typos in screenshots and code examples, this course has been a tremendous help to me as I reinforced some things I already knew about JavaScript and learned new concepts about the JavaScript language (like coding in events or working with the DOM). I definitely feel like a more confident programmer, even though I do wish the instructor could've explained some things in more detail (like when to use the dot attribute notation over the setAttribute method).",Neutral,Positive,0.7229093847054984
Sound information. Would have liked more verbal communication regarding communication styles. Maybe some role playing scenarios.,Positive,Neutral,0.5667054052647297
"Basically if you take this course you are paying money to create an account on a website and download some software (both of which you can do for free). The rest of it is a preview of the other courses in the series. The quiz questions don't correspond to the information on the slides. I successfully passed the course, but I didn't really learn anything. Now I am debating on whether or not to continue to the R programming course after reading through the reviews of that course.",Neutral,Negative,0.6183691651907013
"Big part of the course videos devoted to history of how the technology was developed, not much technical information about the technology itself.",Negative,Neutral,0.5298288944371915
"Very confusing stuff, need better clarification in course description and the way the material is transmitted to the student need to be reconsideredBut very well made and interesting.",Negative,Positive,0.6258059409984871
It's a good course where I come across bower and CSS how to use the function for the UI frameworks.,Neutral,Positive,0.7495989666112831
Quiz should be open to all students... :/,Negative,Positive,0.6232586354095924
test questions far too easyslide show lessons not well structured and too focussed on repetetive concepts,Neutral,Negative,0.5792179422099685
"This course needs tremendous improvement. In contrast to previous fundamentals of quantitative modelling module, this lags in lot of areas. No clear explanations and the quizzes are worded super vague and filled with with bugs. I expected a lot under Monte Carlo Simulation. However, too simplistic example and explanation was presented. The topics were not introduced clearly.",Neutral,Negative,0.4969477525968297
"A good course for beginners, consisting mainly of following along as the instructor demonstrates code. The assignments are short and largely restricted to modifying supplied code. This is a necessary restriction of the peer-review grading process: the problem must be highly constrained in order for an untrained person to quickly grade it. You could certainly learn a lot by completing extra examples from a book or other resources, but this is not required to pass the course.",Positive,Negative,0.47696993345168753
Not to much information during videolection as i expected.,Positive,Negative,0.502685500020559
Steep learning curve but the resources to succeed are there.,Positive,Neutral,0.49210855283693367
This course need a serious rework.For the moment I finished it biggest problem was very unclear grading of programming assignments and lack of learning materials.,Negative,Neutral,0.3535545559723813
"The lectures, assignments, and projects all encourage you to learn about how to design and use optimal search algorithms for text-based applications. I especially value how the discussions present the material in way that is relatively easy to see how it relates to search routines in general. My only complaint is that the instructions do not inform you about the constraints that the online grader implicitly imposes on you. This unfortunately meant that I was not able to submit code with further optimizations that I came up with.",Positive,Neutral,0.389063447325226
"Course content is good, however, material is explained fairly quickly and the lady who is lecturing is almost impossible to understand (due to a very strong accent and a very mechanical reading), which made me want to skip all her lectures.",Negative,Positive,0.4155217712939476
A pretty good overview of modern poetry. Very high on generalities and low on details - like detailed readings of individual poems.The fact the the majority of the instructors just read their lectures and many of them never look up at the camera at all makes this seem very lazy and impersonal. There's very little of the engagement that would really make this interesting.,Neutral,Negative,0.580411448044901
Very common curse about common data things.,Neutral,Positive,0.5838562159959142
language accent difficult to fallow,Neutral,Negative,0.5309551172327701
The videos could have been more explanatory.,Positive,Neutral,0.4712340904648655
"Very basic introduction. If you have any coding experience in other languages, this will be extremely simple.",Neutral,Positive,0.4052610318556469
Good overview of Data Science but lacking a bit of meat.,Positive,Neutral,0.5027382618135661
Week 3 is unrealistically difficult,Positive,Negative,0.4619111281643394
"More interactive assignments using the parser would have been great. As it stands, the quizzes had mostly relevant content, but the lessons were anything but engaging. Having Colleen talk at the camera for 5-12 minutes per video got tedious really quick.",Negative,Neutral,0.4561652952822239
During the lectures not all the slides were well revised and the peer assessments should include more specific guides.,Positive,Negative,0.4642513037453599
Mostly talking heads. Pretty good information. I'd like it faster. More dynamic talking heads could make this more watchable. Very generous of the World Bank to put this together.,Neutral,Positive,0.6047314725133245
Appropriate level of difficulty for those who are not used to Git Hub and R,Positive,Neutral,0.46290641000511223
looks good ...lets see how much of help it can be to me Thanks coursera,Neutral,Positive,0.8391983108990444
"The course is amazing, I want to purchase the course but it is not being working...I don't know what is the problem.",Positive,Negative,0.5547116602704032
Room for improvement:-Case studies-More Assignment,Positive,Neutral,0.5202517794321312
it was ok,Positive,Neutral,0.4339823505523351
Outdated course that needs a lot of changes to your code and in releases so you can follow professors code.A lot of people had same issues.,Negative,Positive,0.62487183894197
"The subject matter for this course is very, very interesting! The professor does a nice job of layering the complexity from basic concepts to more advanced concepts. However, this is where the ""good news"" ends. The course is full of all sorts of calculation errors on the graded quizes",Negative,Positive,0.613149128431397
"Lectures were extremely good, but assignments and graders were very low quality and difficult to decipher requirements from. Professors and TAs were not active in the forums.",Negative,Neutral,0.4508550306922204
More and more examples should have been added,Positive,Neutral,0.4780322655989001
Its a solid java class that has almost 0 android learning. If you are expecting any kind of Android related learning. you will get none this is 100% a java class that just runs in the android environment.,Neutral,Positive,0.49283482171563314
"This course is OK for introduction if you're not already familiar with the IoT devices and embedded systems. But if you already have done some projects in IoT and Embedded systems and are familiar with what they are then you don't need this course. This course is designed for a complete beginner who doesn't have any idea what IoT and embedded systems are (and now that you're researching about a course on IoT you probably have an idea what they are) and as a guy who had already done some projects in this area in undergrad, I found the content to be very simple and lacking any new things to add to my knowledge. But if you are a complete beginner then go for it.",Neutral,Negative,0.5280171576336692
The professor's voice put me to sleep; he was monotone. Online classes work best when interesting material is married to dynamic speakers.,Negative,Positive,0.7490215102262261
"It's a great course! The only thing I did not fully like was the we could not learn any of the characters. I guess this course helped to develop the tones and the recognition of them, but, I think that a little shape in the characters and how each sound could improve this course a lot.",Neutral,Positive,0.8411184322519395
Great course but programming assignments in MATLAB had too many issues.,Neutral,Positive,0.7888095443563516
Quite a lot of material to cover in such a short time!,Neutral,Positive,0.42725299740152023
"I think it would be better if the professor had covered Markowitz theorem, and showed how CAPM is derived from the theorem. I think the first two courses in the series are too basic and should be combined. They are only useful from people who have no background in finance.",Negative,Neutral,0.5211448992232521
"Prof. Jana S. Borg is the simply the best! Every lecture material (videos/exercises/final project) is carefully crafted to optimize student's learning experience. She's made the learning fun and that's not easy to do!Now, let's talk about the reason why I didn't give this course a full 5-star rating.... It's the students! As you might already know, this class requires us to put together a 5-minute screencast video that will demonstrate our understanding in 1) Tableau, 2) Business Analytics and 3) Presentation skills. Unfortunately, most of the students only care about the first one while blatantly ignoring the other two. And that makes the grading process a pain in the..errr.... you know what!Another important reminder. Be sure to submit the final project days before the deadline. Otherwise, you might be at risk of not getting graded by 3 other students! On the forum, a student claimed that she was forced to join this session because she couldn't get 3 peers to grade her project TWO SESSIONS ago! The horror!",Positive,Negative,0.4564733216653374
"Course quality went downhill, compared to previous course in series. No 'teacher' involvement in comments / questions. Mistakes within quizzes. Both practice and rated.",Neutral,Positive,0.4601343579717004
Teresa is great! she seems very friendly and kind but some contents are a little bit borried and difficult.,Neutral,Positive,0.7279009741208681
"Only 37 minutes of video, average per week. Really nice, pleasant video, but don't expect to learn how to solve the problems, because there is little connection from the problems to the videos.Teaching assistants are hard -working and knowledgable and each has a different way to do things.Very little in the way of effective educational design.But they do create useful questions to answer, if you are stubborn enough not to need actual instruction.The estimate of time required is woefully inadequate.The best thing you can do is lookup Brandon Rhodes on Youtube. He will actually explain Pandas. Expect to invest about four hours in his videos and still have questions. Use the course forum extensively — only there will you get a hint of how to do what they ask.Google and Stack Overflow: that's their extensive list of references.",Neutral,Negative,0.5477539538943267
I would be much more happier if i can contact the instructor directly,Positive,Negative,0.3550722053104166
"I am giving it a 2 and am leaving the course because several of the recordings in the second quiz don't work. It is not possible to participate when there are technical difficulties like this. If the recordings worked, I am sure it would be a very fun and interesting class.",Negative,Positive,0.42779066603910937
More practical examples on project management processes would add value to this course.,Positive,Neutral,0.5397985949437025
"I would say it is good quality content and appreciate the efforts of the authors . Though it just introduces the topic , it better to follow up with more rigorous online content/book, in order to understand the topic more deeply .",Positive,Neutral,0.4561745518711753
"Excellent course, with good video lectures. However, the written course materials, especially in terms of slides and assignment instructions, suffer from poor grammar and an occasional lack of clarity.",Positive,Neutral,0.39694333762642847
"Good Course, but in my perspective the teachers could explain better.",Neutral,Positive,0.8227826245206256
Good introduction. Would be better to go a little bit deeper,Positive,Neutral,0.5219106612386288
"well, it's the previous part of the Python for everyone. Why did Coursera split it to another course?",Neutral,Positive,0.7836758132508366
A little too easy,Positive,Neutral,0.6974383326892697
Enough material to make this a two course. Feels more crammed than other courses but invaluable coverage.,Positive,Neutral,0.45879017968957914
"This course was very informative and I loved how enthusiastically everything was presented but one thing that put me off was the length of the videos. I understand that you need to cover all the information but when I look at an upcoming video that is 30 minutes long, I don't feel as encouraged to start it. Maybe if you could separate those type of videos into smaller sections of 5-10 minute videos.Another thing that bothered me was when I took a quiz and got something wrong but couldn't figure out why because it doesn't have an explanation and I didn't know which video to watch. Maybe they should give the video name and start time of explanation (e.g. How Would a Ball Fall on the Moon? (5:36)). If they did that, it would be easier to find an explanation to a question.",Positive,Negative,0.48492584103216707
"A good course with clear instructional materials and excellent presentation. However the reason it does not get 5 stars is that when I signed up to the GIS specialisation in April 2016 I was led to believe that course instructors would review my capstone project. Indeed, this was one of the incentives for me in signing on to the specialisation. I realise that with the number of students undertaking the course this did not become very practical, so that the capstone project was peer reviewed instead. I found this somewhat disappointing though as the feedback gained was often quite limited and it reduced the value of the Certificate.",Positive,Negative,0.44229403106552917
"This course should be divided in 2 o be longer for two main reasons:1) Weeks are way too long to cover all the material, plus the research you need to do outside the platform. The time required end up being too much.2) The course is not deep enough - There's just too much topic to cover, and because of time constrains there are a lot of holes in your education at the end.For this two reason is better con get 2 courses about this topic. That way you can go deeper in to the SQL explanation, and can get at thee same time a better understanding of each topic, instead of getting a lot of thing to cope in just one week.",Positive,Neutral,0.49057512454338037
Quite advanced in contrast to the rest of this specialization!,Neutral,Positive,0.5328414525636233
"The explanations were very clear, and the content was simple enough to not be daunting yet the content was still very interesting, especially the final project.",Positive,Neutral,0.4578237941943655
"Brilliant course! Though I wished the quizzes incorporated (one of the learning tips in the course) interleaved distributed practice, e.g. testing week 2's material in week 3, etc. Also, the wrong answers in quizzes tended to be not tricky enough, i.e., someone who hasn't learned the material adequately could just do the quizzes and pass, since the wrong answers are obviously wrong.",Positive,Negative,0.3420960202428613
"Great review of concepts to refresh lean and six sigma, and process improvement in GENERAL.Expected deeper and more practical information (case studies, maybe a project in a module instead of a quiz, etc.) regarding the service industry as stated at the beginning of the course. There just one part of a module (aprox. 15 min) that got into some detail.Also, there was no interaction at all in the forums. If at least the mentors could set some interesting subjects and comments to motivate that, would be of help.Due to this, my expectations weren ́t met. Was looking for detailed service industry (financial) applications of process improvement knowledge.",Negative,Neutral,0.5654642874257696
"I hadn't touched math in any real way in years and this was a great re-introduction. The videos were fun and engaging, and while the material was challenging, I felt I got a lot out of it. I highly recommend it for people who need statistics for their work or for a degree program but who are feeling a little intimidated by it.As far as feedback goes, I would have liked to get explanations for quiz questions I couldn't answer. I wish there was a way to say, ""This is the quiz score I'd like to accept; now please explain to me the ones I missed."" The lack of feedback on the quizzes was frustrating at times.",Positive,Neutral,0.43416721457320884
"a good course, especially if you are not too aware of Autism",Neutral,Positive,0.6822819832408699
After almost a year I am still waiting to receive my grade of 90%+ for c,Negative,Positive,0.6074824645354522
"While U.S. politics is important for many other disciplines, this course didn't have that much depth in my opinion to really be applicable on demands of international student and point of view. Still, very interesting lectures and good talks.",Neutral,Positive,0.6469465782446151
"The content was redundant at times, at other the dots that were trying to be connected were to wide apart on the spectrum",Negative,Neutral,0.41011688158589393
the course really covered information I knew but made simple concepts complex - that is just my opinion,Negative,Positive,0.698465630824382
"Lite compared to the other courses in the Specialization, but provides an interesting perspective on different platform wireframes",Positive,Neutral,0.45415775447319756
a tad simplistic - grades should be locked too,Neutral,Negative,0.47254993146077984
About plotting in R. Not about generating real insights from EDA.,Negative,Positive,0.4423691479352173
I think this not a complicated course but is absolutely fundamentals of proper scientific principles which are so often lacking in many data science/analytics projects.,Positive,Negative,0.5002859949493177
Good food for thought,Neutral,Positive,0.74343296902811
"I think that the course itself is very interesting and useful, but unfortunately you have to purchase the course straight away to be able to do the tests.",Neutral,Positive,0.3623942829397087
"Our mission for this module is to try and understand a little bit about what philosophy, as a subject, actually is. What makes it different from other subjects? What are its distinctive aims and methods? We'll think about two claims that are often made about philosophy: that it deals with questions that are, in some sense, fundamental; and that it deals with questions that are of some special importance. We'll also look at how philosophy is actually practiced by exploring some of the criteria philosophers bring to bear when assessing the success of philosophical arguments. Finally, we'll finish by briefly thinking about how two very influential philosophers - David Hume (1711-1776) and Immanuel Kant (1724-1804) - attempted to answer the question of how we can know whether, in any given case, there really is a right way of looking at things.ResourcesA handout for this module is here.A large format handout for this module is here.AssessmentIn addition to the in-video quizzes, there is a short review quiz for this module's material. Also, why not take some time to introduce yourself to your coursemates on the discussion forums, and chat about the lectures from this module. Did anything not make sense? Was there anything you found especially interesting? How would you answer some of the questions raised in the lecture?Additional ResourcesThere is an interesting selection of philosophers attempting to give their own definitions of philosophy at Philosophy Bites, here.For a detailed historical survey of different conceptions of philosophy have a look at this article from the Internet Encyclopaedia of Philosophy.Both of these are excellent resources, and well worth browsing for material relevant to the rest of the course.If you'd like to think more about the argument concerning free will, then this Internet Encyclopaedia of Philosophy article is a good place to start.If you would like to read more about Hume and his work have a look at this article from the Stanford Encyclopaedia of Philosophy, as well as this article from the Internet Encyclopaedia of Philosophy. Moreover, If you fancy having a go at reading some of Hume's works you can find selected texts at this page, part of Jonathan Bennett's fantastic project Early Modern Texts.If you would like to read more about Kant and his work have a look at this article from the Stanford Encyclopaedia of Philosophy. Selected works of Kant can also be found at Early Modern Texts. Be warned, however, they can be pretty heavy going!For a slightly more irreverent view on Hume, Kant, and the question 'Why do philosophy?' have a listen to the linked podcasts from The Partially Examined Life. Warning: contains occasional strong language!",Positive,Neutral,0.4269848190608626
Good course. Bad arrangement!,Neutral,Positive,0.7107456732753915
The lesson is informative but the course professor does not share value on each slide. She's reading each point and does not provide additional insight.,Neutral,Negative,0.5663539804287022
Presentation slides could've been better prepared. The quiz could've thrown the right answers after finishing. But it was very informative overall,Neutral,Positive,0.49029781034702924
Despite the material being interesting the instructor's way of teaching it made it boring and hard to pay attention,Neutral,Negative,0.5669712897347522
Interesting for US-Americans or people who are interested in US-American Epidemiologics. Very US-centered,Neutral,Positive,0.7804334711629783
This has been the best class I've seen on Coursera. The videos are broken up into small clips that are just a few minutes long. The videos are fun to watch as well and the presenter speaks very well which I appreciate. It's hard to understand and take notes when a presenter speaks too quickly or doesn't speak clearly or fails to enunciate.,Positive,Negative,0.4694564706453477
This course is very good for the beginners but the last two weeks lack some content which is required for the quizzes.,Positive,Neutral,0.6441945688580893
"There's not much substance. Also, considering there is not video the course seems very non-interactive. Its nice to see the instructors speak and work through examples. Hoping this course was just a quick primer for the R newbies.",Negative,Neutral,0.5017449067945673
"If you are looking for advice on how to live a healthier life I believe this might be a great course for you. However, if you are looking for depth in the nutritional science this course will be unfulfilling. I stopped after the 3rd week of lessons because this course did not contain the scientific information I was hoping for.",Positive,Neutral,0.36608145993086877
It is very good explained but it is just an small introduction about how to use the Raspberry Pi in a IoT framework.,Neutral,Positive,0.5370809987239071
"Nice course, but too much focus on ""R"" as a tool.... Industries don't use R as much... The course must be made more generic and independent of R - understand it is not easy to do but ....",Positive,Negative,0.4600380316544864
"I was surprised by this class.I knew the capstone was the development of the persona for the entire specialization but the final assignment blind sided me.*I am not ready to create that much metrics because this is an actual company being launched, and the costs of this musr be counted thoroughly. I can't just toss the accounts away at the end. All I all, I loved the course.*I stand somewhat corrected. Turns out I was blindsided due to inadvertently skipping over second, peer focused assignment in wk 3. Once i caught that(whilst waiting for notification of completion), the trepidation faded somewhat.",Positive,Negative,0.3875783524107303
"The first half of the course is excellent, but slows down in the second half.",Neutral,Positive,0.5026617715944889
This Module was very interesting. It just have to be updated as things change so fast!,Neutral,Positive,0.4076058697284966
"I do not find very interesting this course. too many interviews. It could works for the first course, but not for the second. I was expecting to have more technical material and lessons.",Negative,Neutral,0.4804528090664128
"This was much less about the development of games as it was an intro to Unity. Furthermore, the assignments weren't graded on a timely basis, which left very room to collaborate and refine. Overall, I felt like I learned to follow a few basic things about Unity, nothing more.",Negative,Neutral,0.5166552677885837
"Was a better course than the other reviewers tended to complain about. Taking the examples literally might not be the best actionable route to completing a lot of the quizzes and final exam, its mostly theory on how to build sustainable and efficient systems while at the same time ensuring the security of them has the least effect on the usability of the information system or applications in mind.Some of the videos were somewhat off topic and seemed to not actually be related to what was on the quizzes at the end of the weeks topic. Some questions on quizzes weren't explained or only hinted at in the videos only to be the main topic in the next week. Other than that, a solid course.",Positive,Neutral,0.5097933216842836
"The teacher was wonderful as always. The course is given with sqllite, I would have liked a bit more experience with raw SQL queries. But the course shows you how to create and manage your databases with Python in an efficient way.",Neutral,Positive,0.7151570925661673
"This a decent course, perhaps something I should go back through and do again.",Neutral,Positive,0.5267024326059674
A much needed course for all those students who have strong fundamentals in C Programming but lack the OOP skills in C++.Still there is a scope of improvement.,Positive,Neutral,0.5016203946872533
"Needs some means of feedback. Several times I felt sure that a question was wrong, but there's nothing to be done about it. Additionally, it would be nice if, after completing (and passing) a test, you could see what you did wrong and how the answer should have been determined.",Positive,Neutral,0.4378746459244169
"Course is interesting, but sometimes its so hard to perceive the information with such accent :( I`m not lazy to read the subtitles, no.. but they also, from time to time work improperly and its not feasible at all to conceive the information . Plus, its absolutely inconvenient when you provide one huge assignment for several weeks at once! Why couldn`t you make it a few smaller to every week?(( I think I`ll disenroll",Neutral,Negative,0.6616271045731074
"This is a quick run-through different types of distributions. I found it useful as a recap of things I learned in high school (!) and there were some additional insights. However, I think this course might be hard if you never did any more advanced (high school) math.",Neutral,Positive,0.4783880861552861
A really interesting and relevant course. Replayable and pause-able video lectures are obviously the way to go. The software-driven transcription of the lectures is useful but needs a lot of reformatting and some error correction (this process is not a bad learning tool in its own right!),Positive,Neutral,0.5475211076245515
it is good course,Negative,Positive,0.6736744527318169
"There have been some undesirable references to equations, in terms of equating modeling to economic growth and investment. I was interested by the syllabus and its outline of theories and the means to use models to study social sciences and systems sciences. After week 1, though, it was not a very interesting course so I considered trying to simply survey most of the videos to gain some more information, not necessarily for any more insight from the Professor from the University of Michigan.",Negative,Neutral,0.4044534213771504
"The reading material is not good (it' s even bad) , but the course videos are excellent.",Positive,Negative,0.5763982414094286
"Extremely interesting topics; it is a quick and broad survey, so very superficial, though. Just a series of 10-15 minutes presentations introducing each aspect of the field. Don't be discouraged if you find the first week's presentation lacking/unengaging: it gets better.",Positive,Negative,0.5081435785244466
"This course was splitted in order to get more money, and we know it",Neutral,Positive,0.5051590859778732
Teacher has no parallel,Positive,Negative,0.5903968793380081
All the complexity of the course is concentrated to the last week.,Neutral,Positive,0.6456023809563778
A little light but still effective course,Neutral,Positive,0.480593999182952
"I love the scale-up part of the course. It gives me a great insight of upscaling of solar cells. But in general, the course is lack of content in depth. I would prefer a more hard core course with detailed explanation of the working mechanism of solar cells.",Neutral,Positive,0.8025492837833168
"I really enjoyed learning about magic in the middle ages and am grateful for the opportunity offered by the University of Barcelona. The lectures were clearly spoken and the content was good.However, I would have liked to go more into detail about the practices of magic, I missed that a little bit. For example, the specifics of several charms/ingredients/etc are only treated on a few occasions.I have now also enrolled in different courses on Coursera and I can say that this course could have been organised better, with better assignments, quizzes, etc. So there is still room for improvement.",Positive,Neutral,0.5862122267529266
I think the final project grading is a bit confusing.,Positive,Neutral,0.6488035590599752
nice course. but need more syllabus to be included,Positive,Neutral,0.5643077247302917
This is a survey course of software development models and as that it is fine. Did expect more depth though.,Positive,Neutral,0.4924295455868491
The content is well presented. The exercises are valuable but the grading process needs improved.,Positive,Neutral,0.5257033885594515
Assignments should be free for everyone to try and be peer reviewed! Payment should only affect the certificate.,Neutral,Negative,0.45230438453924743
Very helpful but sometimes it is too slow,Neutral,Positive,0.5602165948278418
"This course helped expand on my JavaScript knowledge, particularly concerning DOM structure. However, if I had been a beginner in any of these topics, I'm not sure if this course would have been enough. Not much time is spent on clarifying HTML and CSS, i.e., there were a lot of topics untouched. Additionally, while the instructor's videos were excellent, the professor did not participate in course discussions at all. I think there were many times when he should have been available to lend a helping/clarifying hand.",Positive,Negative,0.48197782630897024
"The course was interesting, but I would have appreciated more academically rigorous assessments. As the course is currently designed, you either get 100% or 0%!",Negative,Neutral,0.6480654462112593
"Good lecturer and presentation. Some additional contents and details would be good, but this was a good start into HTML5",Positive,Neutral,0.5232986862154144
"It is very interesting but realy an overview. It seems that the main information is on the next moocs of the specialization. If you are looking for a standalone introduction to marketing, I would recommend searching for another course.",Positive,Neutral,0.5355752399392661
"Very well structured, overall good (sometimes slow) pacing. In this introductory, only very simplified settings with few variables are considered. The course description could highlight that.Although they are not long each, I personally found the style of the videos a little tiresome (talking head scribbling illegibly on powerpoint slides). I therefore just listened to them as 'audio' while doing errands around the house, and only returned to my desk for the invideo tests. Worked well.",Positive,Neutral,0.4251543254886288
"It is a very interesting course, but in the beginning it may seem a bit disorganised and slow. The best part, for me, was the week 4, about magic in Islam. The topic was fascinating and the teachers presented a perfect lecture, a great balance between deep but easy to follow.",Neutral,Positive,0.841174693599764
"mostly it was good, should have quizzes in each section",Positive,Neutral,0.47152893701011495
The course is far too much introductory and the practical assignments are not challenging enough. Yet it is only an introductory course for the IoT specialization.,Neutral,Negative,0.5527754526699673
"I really enjoyed the assignments, and thought they were a good way to get to know the basics of the language. They were similar to the type of ""toy problem"" that I like to do myself when learning another language, and were at a reasonable level of difficulty.I could have done without the proofs; I sort of skipped over these parts (about an hour of lecture, I guess). That's just my preference - I guess I'm not super proofy.There were very minor parts of the course that need updating, but nothing that required additional effort to get past.",Positive,Neutral,0.3987510388617498
"its more a linux introducction, not the expected from the title. the content is good but no what was expeceted, as it said interfacing I thought it was more about sensors and gpio programming",Negative,Neutral,0.5023739400132472
"The course is definitely has some value. At least it helps to feel the taste of quadrotor control. But there are some cons. 4 weeks is too short, and this entails fragmentation of course materials. A lot of reasonable questions are not answered and even not mentioned: we use Euler's angles, which lead to singularities and ambiguities, there are quaternions, but we'll not use it. Why? - no answer. PD gains tuning is manual. Is there any robust methods to build controls automatically? - no answer. And so on and so forth. And the last... lections are really boring, lector monotonically reads text, nevermind what - matrices, formulas, etc. He reads all of it in completely, with the same manner, without any interactivities with the slides. Actually it is realy demotivates. I guess one of students that made supplementary materials with marker will do much much better.Anyway, thanks for the course. I believe that highly motivated learner can get something new from it.",Neutral,Negative,0.5374133658382129
"Content is too basic, seems unresearched. Instructor is distracting in manner in which he presents information - overemphasizes acting over content.",Negative,Neutral,0.4719789799823875
"Good introduction level course. There are space for improvement though: Content-wise, I wish the instructor can give an introduction or summary on different types of transistors, at least compare MOSFET and BJT transistors; Other aspects: the instructor and mentors could answer questions more promptly. There are questions left unanswered for more than two weeks and questions which never got answered on the discussion forum.",Positive,Neutral,0.47225364311851026
"The course touches upon most important topics in Data Science but doesn't go deep into the topics:- Covers most important important topics in Data Science on high level.- Course works as a ""refresher"" to follow the course you should know the basics in statistics and modelling. Concepts like parsimonious model would be used with expectation that student already knows it.",Positive,Neutral,0.46822638084599316
Good info but limited. I would like to see some more in depth series based on the topics touched in this class.,Positive,Neutral,0.5248418746975659
"The basics covered in this course were useful, however there was minimal interaction with instructors. There was also limited ability to work with the course components, such as lecture transcripts. It woud be a great course if it were a little more accessible.",Neutral,Positive,0.4750592677888999
Missing substantial amount of information and lecture,Negative,Positive,0.5026886896038565
"This course is good, unique and relevant for machine learning today. Some things can be improved though. Starting around weeks 11-12 the lectures become a bit vague, and I had quite some difficulty understanding them. It seemed to me that these lectures were hastily created (even though I can only imagine how much work creating this course must have been). Furthermore, the lab sessions are rather easy and the provided code is annoying to work with systematically since they output results as printed text instead of something re-usable. This makes experimentation (like grid searches) a bit tedious. Besides these minor things, the course is quite good.Note that deep learning topics are only briefly touched, but you won't obtain the skills for training and designing them yourself without further exploration of the topics.Finally, many thanks to the teachers!",Neutral,Positive,0.6583859501581615
"I believe there is important to have access to the comments of our peers, I've receive some bad grades and I don't know why. And I think part of the learning process is get to know here I'm falling.",Neutral,Positive,0.5154526332193407
"Good intention but the programming assignments were much much harder than what was covered in the mostly theoretical lectures and the more practical but not as advanced swirl exercises. After reading other reviews of this course, and struggling to complete the FIRST programming assignment, I canceled. Please do not advertise this as for beginners - I think people who have had some programming experience before would find this great, but not for the newbie.",Negative,Neutral,0.6043504934621634
Easy MOOC for starters,Neutral,Positive,0.8588834391916766
"The material was interesting and the professor was engaging to watch. But unlike other Coursera courses, I never did see any replies from a staff member to any of the questions posted on the forums. Other professors on Coursera reply to threads themselves or have a TA reply for them. I understand that one person may not be able to reply to all threads if the forum is active. But at least those asking questions to get clarification about the assignments should be answered. The class forum was not very active during this session and could have been easily watched more closely by one person.",Positive,Negative,0.5114159388993085
"The content inside this course is well tought through. Questions and asignments holds high quality.If you haven't been in contact with Python before, this might be the first step for you, and when I say first step, then I really mean first step.",Neutral,Positive,0.804674696528283
"Brian, Jeff, and Roger: Thank you very much for all the data science courses, really great. I generally rate them 5 stars. But for this one, I'm giving 3 stars, not because the content is not good (it is; it provides good practical and experiential information), but rather because the material seems repetitive at times either within the same course or with topics in the other courses. Also, the sequencing and lectures seem sometime a bit disjointed.May I humbly suggest an idea: Integrate the key points of this course relating to real-world examples and the sharing of real-world experiences into one of the other courses.Thank you.Robert Al-Jaar, PhDrobert.aljaar@rassociates.biz",Neutral,Positive,0.5431916650442127
"Poor performance of Jupyter and the wildly underestimated time commitments really sunk this one for me. The latter, especially is inexcusable. The syllabus is lopsided and, while organized, not enough thought has been given to the exercise workload.",Negative,Positive,0.4331441101121252
"It is a good introductory course. It can be included an application project to practice the concepts learned, in order to improve this course.",Neutral,Positive,0.7421467683790947
"Good brush on Tableau. Great that the course included a 6 mo license to Tableau Desktop!However while more complex topics where touched, they were rushed also. An extra week or two at the more advanced stuff would've been beneficial. Some of the quizzes also were a bit silly and focusing on minor things.",Positive,Neutral,0.5036086957300286
"The course is not really about Functional Programming, but more about Scala in general. I've learnt much more about FP by reading Learn You a Haskell for Great Good by Miran Lipovača, and Functional Programming in Scala by Paul Chiusano and Rúnar Bjarnason",Neutral,Positive,0.782817246216692
Some exercises need some improvement. Tests were not that helpful and the instruction to the last homework was quite bad (many open questions).,Negative,Neutral,0.5016652889643299
The program could use more detail in its instructions but I have to say my skills and experience was really put to the test. Just one issue with the specialization. The Protools requirement from the 4 courses is not a good idea. That DAW requires a Audio Interface which is the reason why some of my friends that don't want to take the specialization.,Positive,Neutral,0.4443644188802982
Great Course and Instructors!Only think i didn't like is the peer grading system as many of the users grade low without any reason!,Positive,Negative,0.47187421420516085
"content was not as interesting as in the first course, but still good overall. Questions were also less analytical challenging as the first course. But I still enjoyed the course as the professor was explaining the subject clearly and the videos were compact and enjoyable.",Positive,Neutral,0.6850791992792661
I didn't know anything about programming and needed a lot of help with this course. I would have like more help in getting python and its complements install. Thanks.,Neutral,Positive,0.547554206920994
Map Reduce needs more crisp explanation. Too much content explained in short slides. Scope for improvement,Positive,Negative,0.5121066902595138
"The classes are very didactic, however the professor sometimes meanders too much and doesn't get to the point. Also, some of the the quizzes have little or nothing to do with the video lessons.",Positive,Negative,0.4790077411477761
Only the background isn't pretty enough,Positive,Neutral,0.4656346621889204
"good tips, but needs to be more teorical",Positive,Neutral,0.7620534424219791
"The lectures are fine and the book is great, but the assignments have a lot of technical problems. I spent most of my effort trying to solve trivial issues with the sample code and dealing with the auto grader.",Negative,Neutral,0.36262241893826413
"Good course for beginners. In my opinion, its strong point is simplicity (it does not require much effort and yet allows you to learn something useful, and also makes you think that Chinese is not unbearably complex language after all) and broad range of topics (probably gives you all words necessary to survive short trip to China). What I didn't like in this course is lack of explanation: student is required to memorize entire sentences, but nothing was said about word ordering, personal pronouns and other basic structural features of language. I would also like to have more tests/ exercises with feedback, probably some review tests covering previous lessons.",Positive,Neutral,0.5619119757190354
"The course seems more like a cut-and-paste version of Prof. Shiller's ""Financial Markets"" course from Yale Open Courses than a proper Coursera MOOC. While the course's content is interesting and benefits a lot from Prof. Shiller's extensive scholarship and insight, it could be improved along several ways:(i) downloadable slides giving a comprehensive overview over Prof. Shiller's key points and power point slides;(ii) a split screen with Prof. Shiller on the right and the slide on the left side (like in Metrick and Geithner's ""Global Financial Crisis"" MOOC);(iii) clearer presentation and explanation, especially concerning Mr. Redleaf, but also for Prof. Shiller (he rambles quite a bit).",Negative,Positive,0.6449564505444841
The course is an introduction to the absolute basics of python. Programming assignments are not very challenging and the course could benefit by adding more content and challenging tasks for those who wish to challenge themselves.,Negative,Neutral,0.4910533841255939
"It is a very basic course, very useful for general public. But if your specialization is nutrition or public health, this course is way too easy and does not have enough info.",Positive,Neutral,0.5457002948949377
"Although it is a very informative class and Chrissy is a good teacher, I am finding this class to be EXTREMELY troublesome unless one possesses the means to purchase a great deal of equipment and product to work within Pro Tools. It should be noted that Pro Tools First (the ""FREE"" version I downloaded) is a DETRIMENT to learning in this course and will effect your grade negatively. I am also dismayed by the lack of community participation in the forums. On other Berklee / Coursera classes, this hasn't been nearly as much of a problem.",Negative,Neutral,0.5116253605742584
"The course, as intended probably, is theoretical and gives a good snapshot of project management. Following the PMBOK guide and covering all the relevant portions in the limited time deserves an applause. The only area of improvement, I felt, was the case study.It could have been a little more detailed and has scope of increased level of difficulty. A good course overall and beneficial in almost all walks of work :) Thank you !",Neutral,Positive,0.5706069860338636
"Covers a very broad range of topics, but each topics could be explained much more in-depth. Requires a lot of reading outside the course to complete. Could use much more than just four programming assignments.",Positive,Neutral,0.47299497813242275
"Poor delivery, very hard to listen. Lector uses too many buzz words like ""em"", ""am"". This is not a live lecture so it could be worth practicing and recording a clean quality speech. For example, lectures from the week 2 are unbearable to listen.",Neutral,Negative,0.63697834361298
"Slightly better than the Statistical Inference course, but many of the same technical and delivery defects persist. With an otherwise high quality program, I recommend re-producing the inference and regression lectures to increase the overall value of the curriculum.",Negative,Neutral,0.48129004260386843
the lecture just reading the ppt than extend it,Positive,Negative,0.5544314040655586
Mentor review for the final project takes long time to be completed.,Positive,Neutral,0.4825042575411357
"It's ok. After the first lesson, I should be able to provide a clear elevator pitch with a high level understanding of what I can expect to accomplish (4 or 5 steps) as a Data Scientist. Instead, there was one slide that touched on this quickly, somewhere in the middle. What are the problems, how do I solve them, give samples.",Neutral,Negative,0.49531417380461934
The test questions are abysmal.,Negative,Positive,0.43543822674459487
TOO SUPERFICIAL,Negative,Neutral,0.5005077636311469
"This course is wonderful and I thoroughly enjoyed every minute of it. BUT, it is not well monitored, the peer review process is broken and questions are not answered, making it frustrating. For example, I wrote an essay and received a non-passing grade. I re-wrote it and submitted it. The comments back were very good, but the grade remained a non-passing one. Very difficult to figure it out. I posted a request for clarification and received no response. So, course GREAT, administration of course, not so much.",Neutral,Negative,0.40375999395854945
"The course was useful in providing an introduction to the basics of game theory.However it would benefit from a native English proofread and smoother delivery.There were also problems throughout regarding the display of graphics and notes behind the professor, who kept pointing to something other than he was referring to.A couple of math notations were also incorrect, for example ""<"" when the professor said ""less than or equal to"".Overall though, I'm pleased that I took the course and I learned several important aspects of the topic that will benefit me in future study.",Neutral,Positive,0.7147490632966771
"I would like to see the more practical information. The course is 90% built on PMBOK. I can read this guide on my own outside the course. In the course, I prefer to see how the practice corresponds with the theory.",Neutral,Positive,0.6318435896673428
The English translation into simple Chinese is not very good. I missed the meaning of words or sentences from simple Chinese.,Positive,Neutral,0.45652585272572366
Assignments are too good.,Positive,Neutral,0.5281818096404074
It would be great to make a voice-over in English as well,Neutral,Positive,0.8622298160803745
"The course was quite good, but the last assignment was really much too vague.",Positive,Neutral,0.6558908202958638
I think this module should have included a bit more stories just like the first module of this specialization to make it more compelling and engaging.,Positive,Neutral,0.39834467861439404
"This course is designed for school teachers and, perhaps, for art museum's workers. I'm neither, but I took this course because I'd like to know more about the modern art.The course is essentially a merge of two independent parts, namely, videos about artworks and papers about different theories of education in art. I took this course because of artworks, so I was not interested in papers.Videos were great; especially the first one in each lesson. Even my husband, who isn't fond of art in general, found these videos interesting. In videos, lecturer explains history and meaning of each piece of art.Required reading was dramatically different. First, students are required to read at least 10 pages (art papers) about approaches in teaching AND at least 4 articles in museum's website PER WEEK. Actually, careful reading not just browsing does take a lot of time, in fact, it takes way more time per week than claimed. In addition, these reading were not useful for me! I am not interested in teaching art, and reading same facts about artworks that I've heard in lectures is waste of my time. Seriously, I and most of people grasp most of the ideas from the first time; even if not, I would watch the video again. Why should I do extra reading that brings me no extra knowledge?On a good side, one can pass quiz without any reading. Just a bit of thinking process, and you pass with 5/6 or 6/6 score.Overall, the course is attractive because of amazing videos. However, I believe that this course must be reorganized in two different courses - one would be about artworks and understanding of art, another would be about teaching techniques in art.",Neutral,Negative,0.6114581045375366
"Sometimes it's not important to be able to DO the subject, but just understand the language to ask the right questions. This was an informative and helpful insight into optimization fundamentals.",Positive,Neutral,0.5062533426570801
"The course explains variety of theories connected with communication science. The lectures included in the course are great and pleasant to watch. However, in my opinion the instructor gives too many information per minute and it's hard to note everything without spending hours analysing the lecture over and over again. Everything else was great!",Positive,Negative,0.4387165698636589
"This course has great content and I believe the professor is very knowledgeable about this subject matter. However, at times, it can be very difficult to understand what he is saying. I believe he knows the English language very well but, between his deep accent and speaking very quickly, there are a number of times I cannot understand what he is saying. This is reflected at times when reading the transcript below each video. I found it better to slow the video down to 0.75X the regular speed to hear him but that did not remove all of the difficulty.",Neutral,Negative,0.4602140797590012
"I was inerested about this course, but I couldn't understand enough - the speaker talked too fast and I've lost the main subject trying to understand. Sorry.",Neutral,Negative,0.5581035956478526
"It absolutely amazing course , I personally benefit a lot. really it's not just the certificate .Thank you Coursera for this huge chance.",Negative,Positive,0.9476718101423064
The concepts and knowledge this course covers are useful and practical. The length of the videos is the only thing I dislike. Sometimes they are too long.,Neutral,Positive,0.7627401095741274
"It's better than the first course of this specialization. but as i mentioned in the survey, i think lesson 2 that includes 3 huge parts of PMBOK is not a great thing.",Positive,Neutral,0.4772616707585898
"This was really basic information. It's not really a 4 week course. It takes several hours. The info is necessary, but it's sufficient as a single week of content for a larger course.",Negative,Neutral,0.5102210195493677
"This was an interesting and enjoyable course. The content was wide and varied. On the whole the lectures were well supported by videos and associated charts and tables..However, I found that one or two of the lecturers', though they tried gamely, were a little unfamiliar with English. I fully understand that almost all of these people do not have English as a first (or second) language and admire their competence. If the transcripts had been corrected so that they more accurately reflected what the speaker was trying to say rather than what was actually said, I feel that would be a help. In spite of this, I would recommend this course to my friends and family.",Positive,Neutral,0.4196770353486534
A great course as the previous courses for the specialization. I know that the week 4's materials are out of this specialization's scope but I think it's alright to delve in more about P and NP problems. That material is somehow still incomprehensible for me.,Positive,Neutral,0.44432520462097314
